"id","name_th","name_en","province_id","created_at","updated_at","deleted_at"
"1001","เขตพระนคร","Khet Phra Nakhon","1","9/8/2019 03:33:09","16/5/2022 06:31:26",
"1002","เขตดุสิต","Khet Dusit","1","9/8/2019 03:33:09","16/5/2022 06:31:26",
"1003","เขตหนองจอก","Khet Nong Chok","1","9/8/2019 03:33:09","16/5/2022 06:31:26",
"1004","เขตบางรัก","Khet Bang Rak","1","9/8/2019 03:33:09","16/5/2022 06:31:26",
"1005","เขตบางเขน","Khet Bang Khen","1","9/8/2019 03:33:09","16/5/2022 06:31:26",
"1006","เขตบางกะปิ","Khet Bang Kapi","1","9/8/2019 03:33:09","16/5/2022 06:31:26",
"1007","เขตปทุมวัน","Khet Pathum Wan","1","9/8/2019 03:33:09","16/5/2022 06:31:26",
"1008","เขตป้อมปราบศัตรูพ่าย","Khet Pom Prap Sattru Phai","1","9/8/2019 03:33:09","16/5/2022 06:31:26",
"1009","เขตพระโขนง","Khet Phra Khanong","1","9/8/2019 03:33:09","16/5/2022 06:31:26",
"1010","เขตมีนบุรี","Khet Min Buri","1","9/8/2019 03:33:09","16/5/2022 06:31:26",
"1011","เขตลาดกระบัง","Khet Lat Krabang","1","9/8/2019 03:33:09","16/5/2022 06:31:26",
"1012","เขตยานนาวา","Khet Yan Nawa","1","9/8/2019 03:33:09","16/5/2022 06:31:26",
"1013","เขตสัมพันธวงศ์","Khet Samphanthawong","1","9/8/2019 03:33:09","16/5/2022 06:31:26",
"1014","เขตพญาไท","Khet Phaya Thai","1","9/8/2019 03:33:09","16/5/2022 06:31:26",
"1015","เขตธนบุรี","Khet Thon Buri","1","9/8/2019 03:33:09","16/5/2022 06:31:26",
"1016","เขตบางกอกใหญ่","Khet Bangkok Yai","1","9/8/2019 03:33:09","16/5/2022 06:31:26",
"1017","เขตห้วยขวาง","Khet Huai Khwang","1","9/8/2019 03:33:09","16/5/2022 06:31:26",
"1018","เขตคลองสาน","Khet Khlong San","1","9/8/2019 03:33:09","16/5/2022 06:31:26",
"1019","เขตตลิ่งชัน","Khet Taling Chan","1","9/8/2019 03:33:09","16/5/2022 06:31:26",
"1020","เขตบางกอกน้อย","Khet Bangkok Noi","1","9/8/2019 03:33:09","16/5/2022 06:31:26",
"1021","เขตบางขุนเทียน","Khet Bang Khun Thian","1","9/8/2019 03:33:09","16/5/2022 06:31:26",
"1022","เขตภาษีเจริญ","Khet Phasi Charoen","1","9/8/2019 03:33:09","16/5/2022 06:31:26",
"1023","เขตหนองแขม","Khet Nong Khaem","1","9/8/2019 03:33:09","16/5/2022 06:31:26",
"1024","เขตราษฎร์บูรณะ","Khet Rat Burana","1","9/8/2019 03:33:09","16/5/2022 06:31:26",
"1025","เขตบางพลัด","Khet Bang Phlat","1","9/8/2019 03:33:09","16/5/2022 06:31:26",
"1026","เขตดินแดง","Khet Din Daeng","1","9/8/2019 03:33:09","16/5/2022 06:31:26",
"1027","เขตบึงกุ่ม","Khet Bueng Kum","1","9/8/2019 03:33:09","16/5/2022 06:31:26",
"1028","เขตสาทร","Khet Sathon","1","9/8/2019 03:33:09","16/5/2022 06:31:26",
"1029","เขตบางซื่อ","Khet Bang Sue","1","9/8/2019 03:33:09","16/5/2022 06:31:26",
"1030","เขตจตุจักร","Khet Chatuchak","1","9/8/2019 03:33:09","16/5/2022 06:31:26",
"1031","เขตบางคอแหลม","Khet Bang Kho Laem","1","9/8/2019 03:33:09","16/5/2022 06:31:26",
"1032","เขตประเวศ","Khet Prawet","1","9/8/2019 03:33:09","16/5/2022 06:31:26",
"1033","เขตคลองเตย","Khet Khlong Toei","1","9/8/2019 03:33:09","16/5/2022 06:31:26",
"1034","เขตสวนหลวง","Khet Suan Luang","1","9/8/2019 03:33:09","16/5/2022 06:31:26",
"1035","เขตจอมทอง","Khet Chom Thong","1","9/8/2019 03:33:09","16/5/2022 06:31:26",
"1036","เขตดอนเมือง","Khet Don Mueang","1","9/8/2019 03:33:09","16/5/2022 06:31:26",
"1037","เขตราชเทวี","Khet Ratchathewi","1","9/8/2019 03:33:09","16/5/2022 06:31:26",
"1038","เขตลาดพร้าว","Khet Lat Phrao","1","9/8/2019 03:33:09","16/5/2022 06:31:26",
"1039","เขตวัฒนา","Khet Watthana","1","9/8/2019 03:33:09","16/5/2022 06:31:26",
"1040","เขตบางแค","Khet Bang Khae","1","9/8/2019 03:33:09","16/5/2022 06:31:26",
"1041","เขตหลักสี่","Khet Lak Si","1","9/8/2019 03:33:09","16/5/2022 06:31:26",
"1042","เขตสายไหม","Khet Sai Mai","1","9/8/2019 03:33:09","16/5/2022 06:31:26",
"1043","เขตคันนายาว","Khet Khan Na Yao","1","9/8/2019 03:33:09","16/5/2022 06:31:26",
"1044","เขตสะพานสูง","Khet Saphan Sung","1","9/8/2019 03:33:09","16/5/2022 06:31:26",
"1045","เขตวังทองหลาง","Khet Wang Thonglang","1","9/8/2019 03:33:09","16/5/2022 06:31:26",
"1046","เขตคลองสามวา","Khet Khlong Sam Wa","1","9/8/2019 03:33:09","16/5/2022 06:31:26",
"1047","เขตบางนา","Khet Bang Na","1","9/8/2019 03:33:09","16/5/2022 06:31:26",
"1048","เขตทวีวัฒนา","Khet Thawi Watthana","1","9/8/2019 03:33:09","16/5/2022 06:31:26",
"1049","เขตทุ่งครุ","Khet Thung Khru","1","9/8/2019 03:33:09","16/5/2022 06:31:26",
"1050","เขตบางบอน","Khet Bang Bon","1","9/8/2019 03:33:09","16/5/2022 06:31:26",
"1101","เมืองสมุทรปราการ","Mueang Samut Prakan","2","9/8/2019 03:33:09","16/5/2022 06:31:26",
"1102","บางบ่อ","Bang Bo","2","9/8/2019 03:33:09","16/5/2022 06:31:26",
"1103","บางพลี","Bang Phli","2","9/8/2019 03:33:09","16/5/2022 06:31:26",
"1104","พระประแดง","Phra Pradaeng","2","9/8/2019 03:33:09","16/5/2022 06:31:26",
"1105","พระสมุทรเจดีย์","Phra Samut Chedi","2","9/8/2019 03:33:09","16/5/2022 06:31:26",
"1106","บางเสาธง","Bang Sao Thong","2","9/8/2019 03:33:09","16/5/2022 06:31:26",
"1201","เมืองนนทบุรี","Mueang Nonthaburi","3","9/8/2019 03:33:09","16/5/2022 06:31:26",
"1202","บางกรวย","Bang Kruai","3","9/8/2019 03:33:09","16/5/2022 06:31:26",
"1203","บางใหญ่","Bang Yai","3","9/8/2019 03:33:09","16/5/2022 06:31:26",
"1204","บางบัวทอง","Bang Bua Thong","3","9/8/2019 03:33:09","16/5/2022 06:31:26",
"1205","ไทรน้อย","Sai Noi","3","9/8/2019 03:33:09","16/5/2022 06:31:26",
"1206","ปากเกร็ด","Pak Kret","3","9/8/2019 03:33:09","16/5/2022 06:31:26",
"1301","เมืองปทุมธานี","Mueang Pathum Thani","4","9/8/2019 03:33:09","16/5/2022 06:31:26",
"1302","คลองหลวง","Khlong Luang","4","9/8/2019 03:33:09","16/5/2022 06:31:26",
"1303","ธัญบุรี","Thanyaburi","4","9/8/2019 03:33:09","16/5/2022 06:31:26",
"1304","หนองเสือ","Nong Suea","4","9/8/2019 03:33:09","16/5/2022 06:31:26",
"1305","ลาดหลุมแก้ว","Lat Lum Kaeo","4","9/8/2019 03:33:09","16/5/2022 06:31:26",
"1306","ลำลูกกา","Lam Luk Ka","4","9/8/2019 03:33:09","16/5/2022 06:31:26",
"1307","สามโคก","Sam Khok","4","9/8/2019 03:33:09","16/5/2022 06:31:26",
"1401","พระนครศรีอยุธยา","Phra Nakhon Si Ayutthaya","5","9/8/2019 03:33:09","16/5/2022 06:31:26",
"1402","ท่าเรือ","Tha Ruea","5","9/8/2019 03:33:09","16/5/2022 06:31:26",
"1403","นครหลวง","Nakhon Luang","5","9/8/2019 03:33:09","16/5/2022 06:31:26",
"1404","บางไทร","Bang Sai","5","9/8/2019 03:33:09","16/5/2022 06:31:26",
"1405","บางบาล","Bang Ban","5","9/8/2019 03:33:09","16/5/2022 06:31:26",
"1406","บางปะอิน","Bang Pa-in","5","9/8/2019 03:33:09","16/5/2022 06:31:26",
"1407","บางปะหัน","Bang Pahan","5","9/8/2019 03:33:09","16/5/2022 06:31:26",
"1408","ผักไห่","Phak Hai","5","9/8/2019 03:33:09","16/5/2022 06:31:26",
"1409","ภาชี","Phachi","5","9/8/2019 03:33:09","16/5/2022 06:31:26",
"1410","ลาดบัวหลวง","Lat Bua Luang","5","9/8/2019 03:33:09","16/5/2022 06:31:26",
"1411","วังน้อย","Wang Noi","5","9/8/2019 03:33:09","16/5/2022 06:31:26",
"1412","เสนา","Sena","5","9/8/2019 03:33:09","16/5/2022 06:31:26",
"1413","บางซ้าย","Bang Sai","5","9/8/2019 03:33:09","16/5/2022 06:31:26",
"1414","อุทัย","Uthai","5","9/8/2019 03:33:09","16/5/2022 06:31:26",
"1415","มหาราช","Maha Rat","5","9/8/2019 03:33:09","16/5/2022 06:31:26",
"1416","บ้านแพรก","Ban Phraek","5","9/8/2019 03:33:09","16/5/2022 06:31:26",
"1501","เมืองอ่างทอง","Mueang Ang Thong","6","9/8/2019 03:33:09","16/5/2022 06:31:26",
"1502","ไชโย","Chaiyo","6","9/8/2019 03:33:09","16/5/2022 06:31:26",
"1503","ป่าโมก","Pa Mok","6","9/8/2019 03:33:09","16/5/2022 06:31:26",
"1504","โพธิ์ทอง","Pho Thong","6","9/8/2019 03:33:09","16/5/2022 06:31:26",
"1505","แสวงหา","Sawaeng Ha","6","9/8/2019 03:33:09","16/5/2022 06:31:26",
"1506","วิเศษชัยชาญ","Wiset Chai Chan","6","9/8/2019 03:33:09","16/5/2022 06:31:26",
"1507","สามโก้","Samko","6","9/8/2019 03:33:09","16/5/2022 06:31:26",
"1601","เมืองลพบุรี","Mueang Lop Buri","7","9/8/2019 03:33:09","16/5/2022 06:31:26",
"1602","พัฒนานิคม","Phatthana Nikhom","7","9/8/2019 03:33:09","16/5/2022 06:31:26",
"1603","โคกสำโรง","Khok Samrong","7","9/8/2019 03:33:09","16/5/2022 06:31:26",
"1604","ชัยบาดาล","Chai Badan","7","9/8/2019 03:33:09","16/5/2022 06:31:26",
"1605","ท่าวุ้ง","Tha Wung","7","9/8/2019 03:33:09","16/5/2022 06:31:26",
"1606","บ้านหมี่","Ban Mi","7","9/8/2019 03:33:09","16/5/2022 06:31:26",
"1607","ท่าหลวง","Tha Luang","7","9/8/2019 03:33:09","16/5/2022 06:31:26",
"1608","สระโบสถ์","Sa Bot","7","9/8/2019 03:33:09","16/5/2022 06:31:26",
"1609","โคกเจริญ","Khok Charoen","7","9/8/2019 03:33:09","16/5/2022 06:31:26",
"1610","ลำสนธิ","Lam Sonthi","7","9/8/2019 03:33:09","16/5/2022 06:31:26",
"1611","หนองม่วง","Nong Muang","7","9/8/2019 03:33:09","16/5/2022 06:31:26",
"1701","เมืองสิงห์บุรี","Mueang Sing Buri","8","9/8/2019 03:33:09","16/5/2022 06:31:26",
"1702","บางระจัน","Bang Rachan","8","9/8/2019 03:33:09","16/5/2022 06:31:26",
"1703","ค่ายบางระจัน","Khai Bang Rachan","8","9/8/2019 03:33:09","16/5/2022 06:31:26",
"1704","พรหมบุรี","Phrom Buri","8","9/8/2019 03:33:09","16/5/2022 06:31:26",
"1705","ท่าช้าง","Tha Chang","8","9/8/2019 03:33:09","16/5/2022 06:31:26",
"1706","อินทร์บุรี","In Buri","8","9/8/2019 03:33:09","16/5/2022 06:31:26",
"1801","เมืองชัยนาท","Mueang Chai Nat","9","9/8/2019 03:33:09","16/5/2022 06:31:26",
"1802","มโนรมย์","Manorom","9","9/8/2019 03:33:09","16/5/2022 06:31:26",
"1803","วัดสิงห์","Wat Sing","9","9/8/2019 03:33:09","16/5/2022 06:31:26",
"1804","สรรพยา","Sapphaya","9","9/8/2019 03:33:09","16/5/2022 06:31:26",
"1805","สรรคบุรี","Sankhaburi","9","9/8/2019 03:33:09","16/5/2022 06:31:26",
"1806","หันคา","Hankha","9","9/8/2019 03:33:09","16/5/2022 06:31:26",
"1807","หนองมะโมง","Nong Mamong","9","9/8/2019 03:33:09","16/5/2022 06:31:26",
"1808","เนินขาม","Noen Kham","9","9/8/2019 03:33:09","16/5/2022 06:31:26",
"1901","เมืองสระบุรี","Mueang Saraburi","10","9/8/2019 03:33:09","16/5/2022 06:31:26",
"1902","แก่งคอย","Kaeng Khoi","10","9/8/2019 03:33:09","16/5/2022 06:31:26",
"1903","หนองแค","Nong Khae","10","9/8/2019 03:33:09","16/5/2022 06:31:26",
"1904","วิหารแดง","Wihan Daeng","10","9/8/2019 03:33:09","16/5/2022 06:31:26",
"1905","หนองแซง","Nong Saeng","10","9/8/2019 03:33:09","16/5/2022 06:31:26",
"1906","บ้านหมอ","Ban Mo","10","9/8/2019 03:33:09","16/5/2022 06:31:26",
"1907","ดอนพุด","Don Phut","10","9/8/2019 03:33:09","16/5/2022 06:31:26",
"1908","หนองโดน","Nong Don","10","9/8/2019 03:33:09","16/5/2022 06:31:26",
"1909","พระพุทธบาท","Phra Phutthabat","10","9/8/2019 03:33:09","16/5/2022 06:31:26",
"1910","เสาไห้","Sao Hai","10","9/8/2019 03:33:09","16/5/2022 06:31:26",
"1911","มวกเหล็ก","Muak Lek","10","9/8/2019 03:33:09","16/5/2022 06:31:26",
"1912","วังม่วง","Wang Muang","10","9/8/2019 03:33:09","16/5/2022 06:31:26",
"1913","เฉลิมพระเกียรติ","Chaloem Phra Kiat","10","9/8/2019 03:33:09","16/5/2022 06:31:26",
"2001","เมืองชลบุรี","Mueang Chon Buri","11","9/8/2019 03:33:09","16/5/2022 06:31:26",
"2002","บ้านบึง","Ban Bueng","11","9/8/2019 03:33:09","16/5/2022 06:31:26",
"2003","หนองใหญ่","Nong Yai","11","9/8/2019 03:33:09","16/5/2022 06:31:26",
"2004","บางละมุง","Bang Lamung","11","9/8/2019 03:33:09","16/5/2022 06:31:26",
"2005","พานทอง","Phan Thong","11","9/8/2019 03:33:09","16/5/2022 06:31:26",
"2006","พนัสนิคม","Phanat Nikhom","11","9/8/2019 03:33:09","16/5/2022 06:31:26",
"2007","ศรีราชา","Si Racha","11","9/8/2019 03:33:09","16/5/2022 06:31:26",
"2008","เกาะสีชัง","Ko Sichang","11","9/8/2019 03:33:09","16/5/2022 06:31:26",
"2009","สัตหีบ","Sattahip","11","9/8/2019 03:33:09","16/5/2022 06:31:26",
"2010","บ่อทอง","Bo Thong","11","9/8/2019 03:33:09","16/5/2022 06:31:26",
"2011","เกาะจันทร์","Ko Chan","11","9/8/2019 03:33:09","16/5/2022 06:31:26",
"2101","เมืองระยอง","Mueang Rayong","12","9/8/2019 03:33:09","16/5/2022 06:31:26",
"2102","บ้านฉาง","Ban Chang","12","9/8/2019 03:33:09","16/5/2022 06:31:26",
"2103","แกลง","Klaeng","12","9/8/2019 03:33:09","16/5/2022 06:31:26",
"2104","วังจันทร์","Wang Chan","12","9/8/2019 03:33:09","16/5/2022 06:31:26",
"2105","บ้านค่าย","Ban Khai","12","9/8/2019 03:33:09","16/5/2022 06:31:26",
"2106","ปลวกแดง","Pluak Daeng","12","9/8/2019 03:33:09","16/5/2022 06:31:26",
"2107","เขาชะเมา","Khao Chamao","12","9/8/2019 03:33:09","16/5/2022 06:31:26",
"2108","นิคมพัฒนา","Nikhom Phatthana","12","9/8/2019 03:33:09","16/5/2022 06:31:26",
"2201","เมืองจันทบุรี","Mueang Chanthaburi","13","9/8/2019 03:33:09","16/5/2022 06:31:26",
"2202","ขลุง","Khlung","13","9/8/2019 03:33:09","16/5/2022 06:31:26",
"2203","ท่าใหม่","Tha Mai","13","9/8/2019 03:33:09","16/5/2022 06:31:26",
"2204","โป่งน้ำร้อน","Pong Nam Ron","13","9/8/2019 03:33:09","16/5/2022 06:31:26",
"2205","มะขาม","Makham","13","9/8/2019 03:33:09","16/5/2022 06:31:26",
"2206","แหลมสิงห์","Laem Sing","13","9/8/2019 03:33:09","16/5/2022 06:31:26",
"2207","สอยดาว","Soi Dao","13","9/8/2019 03:33:09","16/5/2022 06:31:26",
"2208","แก่งหางแมว","Kaeng Hang Maeo","13","9/8/2019 03:33:09","16/5/2022 06:31:26",
"2209","นายายอาม","Na Yai Am","13","9/8/2019 03:33:09","16/5/2022 06:31:26",
"2210","เขาคิชฌกูฏ","Khoa Khitchakut","13","9/8/2019 03:33:09","16/5/2022 06:31:26",
"2301","เมืองตราด","Mueang Trat","14","9/8/2019 03:33:09","16/5/2022 06:31:26",
"2302","คลองใหญ่","Khlong Yai","14","9/8/2019 03:33:09","16/5/2022 06:31:26",
"2303","เขาสมิง","Khao Saming","14","9/8/2019 03:33:09","16/5/2022 06:31:26",
"2304","บ่อไร่","Bo Rai","14","9/8/2019 03:33:09","16/5/2022 06:31:26",
"2305","แหลมงอบ","Laem Ngop","14","9/8/2019 03:33:09","16/5/2022 06:31:26",
"2306","เกาะกูด","Ko Kut","14","9/8/2019 03:33:09","16/5/2022 06:31:26",
"2307","เกาะช้าง","Ko Chang","14","9/8/2019 03:33:09","16/5/2022 06:31:26",
"2401","เมืองฉะเชิงเทรา","Mueang Chachoengsao","15","9/8/2019 03:33:09","16/5/2022 06:31:26",
"2402","บางคล้า","Bang Khla","15","9/8/2019 03:33:09","16/5/2022 06:31:26",
"2403","บางน้ำเปรี้ยว","Bang Nam Priao","15","9/8/2019 03:33:09","16/5/2022 06:31:26",
"2404","บางปะกง","Bang Pakong","15","9/8/2019 03:33:09","16/5/2022 06:31:26",
"2405","บ้านโพธิ์","Ban Pho","15","9/8/2019 03:33:09","16/5/2022 06:31:26",
"2406","พนมสารคาม","Phanom Sarakham","15","9/8/2019 03:33:09","16/5/2022 06:31:26",
"2407","ราชสาส์น","Ratchasan","15","9/8/2019 03:33:09","16/5/2022 06:31:26",
"2408","สนามชัยเขต","Sanam Chai Khet","15","9/8/2019 03:33:09","16/5/2022 06:31:26",
"2409","แปลงยาว","Plaeng Yao","15","9/8/2019 03:33:09","16/5/2022 06:31:26",
"2410","ท่าตะเกียบ","Tha Takiap","15","9/8/2019 03:33:09","16/5/2022 06:31:26",
"2411","คลองเขื่อน","Khlong Khuean","15","9/8/2019 03:33:09","16/5/2022 06:31:26",
"2501","เมืองปราจีนบุรี","Mueang Prachin Buri","16","9/8/2019 03:33:09","16/5/2022 06:31:26",
"2502","กบินทร์บุรี","Kabin Buri","16","9/8/2019 03:33:09","16/5/2022 06:31:26",
"2503","นาดี","Na Di","16","9/8/2019 03:33:09","16/5/2022 06:31:26",
"2506","บ้านสร้าง","Ban Sang","16","9/8/2019 03:33:09","16/5/2022 06:31:26",
"2507","ประจันตคาม","Prachantakham","16","9/8/2019 03:33:09","16/5/2022 06:31:26",
"2508","ศรีมหาโพธิ","Si Maha Phot","16","9/8/2019 03:33:09","16/5/2022 06:31:26",
"2509","ศรีมโหสถ","Si Mahosot","16","9/8/2019 03:33:09","16/5/2022 06:31:26",
"2601","เมืองนครนายก","Mueang Nakhon Nayok","17","9/8/2019 03:33:09","16/5/2022 06:31:26",
"2602","ปากพลี","Pak Phli","17","9/8/2019 03:33:09","16/5/2022 06:31:26",
"2603","บ้านนา","Ban Na","17","9/8/2019 03:33:09","16/5/2022 06:31:26",
"2604","องครักษ์","Ongkharak","17","9/8/2019 03:33:09","16/5/2022 06:31:26",
"2701","เมืองสระแก้ว","Mueang Sa Kaeo","18","9/8/2019 03:33:09","16/5/2022 06:31:26",
"2702","คลองหาด","Khlong Hat","18","9/8/2019 03:33:09","16/5/2022 06:31:26",
"2703","ตาพระยา","Ta Phraya","18","9/8/2019 03:33:09","16/5/2022 06:31:26",
"2704","วังน้ำเย็น","Wang Nam Yen","18","9/8/2019 03:33:09","16/5/2022 06:31:26",
"2705","วัฒนานคร","Watthana Nakhon","18","9/8/2019 03:33:09","16/5/2022 06:31:26",
"2706","อรัญประเทศ","Aranyaprathet","18","9/8/2019 03:33:09","16/5/2022 06:31:26",
"2707","เขาฉกรรจ์","Khao Chakan","18","9/8/2019 03:33:09","16/5/2022 06:31:26",
"2708","โคกสูง","Khok Sung","18","9/8/2019 03:33:09","16/5/2022 06:31:26",
"2709","วังสมบูรณ์","Wang Sombun","18","9/8/2019 03:33:09","16/5/2022 06:31:26",
"3001","เมืองนครราชสีมา","Mueang Nakhon Ratchasima","19","9/8/2019 03:33:09","16/5/2022 06:31:26",
"3002","ครบุรี","Khon Buri","19","9/8/2019 03:33:09","16/5/2022 06:31:26",
"3003","เสิงสาง","Soeng Sang","19","9/8/2019 03:33:09","16/5/2022 06:31:26",
"3004","คง","Khong","19","9/8/2019 03:33:09","16/5/2022 06:31:26",
"3005","บ้านเหลื่อม","Ban Lueam","19","9/8/2019 03:33:09","16/5/2022 06:31:26",
"3006","จักราช","Chakkarat","19","9/8/2019 03:33:09","16/5/2022 06:31:26",
"3007","โชคชัย","Chok Chai","19","9/8/2019 03:33:09","16/5/2022 06:31:26",
"3008","ด่านขุนทด","Dan Khun Thot","19","9/8/2019 03:33:09","16/5/2022 06:31:26",
"3009","โนนไทย","Non Thai","19","9/8/2019 03:33:09","16/5/2022 06:31:26",
"3010","โนนสูง","Non Sung","19","9/8/2019 03:33:09","16/5/2022 06:31:26",
"3011","ขามสะแกแสง","Kham Sakaesaeng","19","9/8/2019 03:33:09","16/5/2022 06:31:26",
"3012","บัวใหญ่","Bua Yai","19","9/8/2019 03:33:09","16/5/2022 06:31:26",
"3013","ประทาย","Prathai","19","9/8/2019 03:33:09","16/5/2022 06:31:26",
"3014","ปักธงชัย","Pak Thong Chai","19","9/8/2019 03:33:09","16/5/2022 06:31:26",
"3015","พิมาย","Phimai","19","9/8/2019 03:33:09","16/5/2022 06:31:26",
"3016","ห้วยแถลง","Huai Thalaeng","19","9/8/2019 03:33:09","16/5/2022 06:31:26",
"3017","ชุมพวง","Chum Phuang","19","9/8/2019 03:33:09","16/5/2022 06:31:26",
"3018","สูงเนิน","Sung Noen","19","9/8/2019 03:33:09","16/5/2022 06:31:26",
"3019","ขามทะเลสอ","Kham Thale So","19","9/8/2019 03:33:09","16/5/2022 06:31:26",
"3020","สีคิ้ว","Sikhio","19","9/8/2019 03:33:09","16/5/2022 06:31:26",
"3021","ปากช่อง","Pak Chong","19","9/8/2019 03:33:09","16/5/2022 06:31:26",
"3022","หนองบุญมาก","Nong Bunnak","19","9/8/2019 03:33:09","16/5/2022 06:31:26",
"3023","แก้งสนามนาง","Kaeng Sanam Nang","19","9/8/2019 03:33:09","16/5/2022 06:31:26",
"3024","โนนแดง","Non Daeng","19","9/8/2019 03:33:09","16/5/2022 06:31:26",
"3025","วังน้ำเขียว","Wang Nam Khiao","19","9/8/2019 03:33:09","16/5/2022 06:31:26",
"3026","เทพารักษ์","Thepharak","19","9/8/2019 03:33:09","16/5/2022 06:31:26",
"3027","เมืองยาง","Mueang Yang","19","9/8/2019 03:33:09","16/5/2022 06:31:26",
"3028","พระทองคำ","Phra Thong Kham","19","9/8/2019 03:33:09","16/5/2022 06:31:26",
"3029","ลำทะเมนชัย","Lam Thamenchai","19","9/8/2019 03:33:09","16/5/2022 06:31:26",
"3030","บัวลาย","Bua Lai","19","9/8/2019 03:33:09","16/5/2022 06:31:26",
"3031","สีดา","Sida","19","9/8/2019 03:33:09","16/5/2022 06:31:26",
"3032","เฉลิมพระเกียรติ","Chaloem Phra Kiat","19","9/8/2019 03:33:09","16/5/2022 06:31:26",
"3101","เมืองบุรีรัมย์","Mueang Buri Ram","20","9/8/2019 03:33:09","16/5/2022 06:31:26",
"3102","คูเมือง","Khu Mueang","20","9/8/2019 03:33:09","16/5/2022 06:31:26",
"3103","กระสัง","Krasang","20","9/8/2019 03:33:09","16/5/2022 06:31:26",
"3104","นางรอง","Nang Rong","20","9/8/2019 03:33:09","16/5/2022 06:31:26",
"3105","หนองกี่","Nong Ki","20","9/8/2019 03:33:09","16/5/2022 06:31:26",
"3106","ละหานทราย","Lahan Sai","20","9/8/2019 03:33:09","16/5/2022 06:31:26",
"3107","ประโคนชัย","Prakhon Chai","20","9/8/2019 03:33:09","16/5/2022 06:31:26",
"3108","บ้านกรวด","Ban Kruat","20","9/8/2019 03:33:09","16/5/2022 06:31:26",
"3109","พุทไธสง","Phutthaisong","20","9/8/2019 03:33:09","16/5/2022 06:31:26",
"3110","ลำปลายมาศ","Lam Plai Mat","20","9/8/2019 03:33:09","16/5/2022 06:31:26",
"3111","สตึก","Satuek","20","9/8/2019 03:33:09","16/5/2022 06:31:26",
"3112","ปะคำ","Pakham","20","9/8/2019 03:33:09","16/5/2022 06:31:26",
"3113","นาโพธิ์","Na Pho","20","9/8/2019 03:33:09","16/5/2022 06:31:26",
"3114","หนองหงส์","Nong Hong","20","9/8/2019 03:33:09","16/5/2022 06:31:26",
"3115","พลับพลาชัย","Phlapphla Chai","20","9/8/2019 03:33:09","16/5/2022 06:31:26",
"3116","ห้วยราช","Huai Rat","20","9/8/2019 03:33:09","16/5/2022 06:31:26",
"3117","โนนสุวรรณ","Non Suwan","20","9/8/2019 03:33:09","16/5/2022 06:31:26",
"3118","ชำนิ","Chamni","20","9/8/2019 03:33:09","16/5/2022 06:31:26",
"3119","บ้านใหม่ไชยพจน์","Ban Mai Chaiyaphot","20","9/8/2019 03:33:09","16/5/2022 06:31:26",
"3120","โนนดินแดง","Din Daeng","20","9/8/2019 03:33:09","16/5/2022 06:31:26",
"3121","บ้านด่าน","Ban Dan","20","9/8/2019 03:33:09","16/5/2022 06:31:26",
"3122","แคนดง","Khaen Dong","20","9/8/2019 03:33:09","16/5/2022 06:31:26",
"3123","เฉลิมพระเกียรติ","Chaloem Phra Kiat","20","9/8/2019 03:33:09","16/5/2022 06:31:26",
"3201","เมืองสุรินทร์","Mueang Surin","21","9/8/2019 03:33:09","16/5/2022 06:31:26",
"3202","ชุมพลบุรี","Chumphon Buri","21","9/8/2019 03:33:09","16/5/2022 06:31:26",
"3203","ท่าตูม","Tha Tum","21","9/8/2019 03:33:09","16/5/2022 06:31:26",
"3204","จอมพระ","Chom Phra","21","9/8/2019 03:33:09","16/5/2022 06:31:26",
"3205","ปราสาท","Prasat","21","9/8/2019 03:33:09","16/5/2022 06:31:26",
"3206","กาบเชิง","Kap Choeng","21","9/8/2019 03:33:09","16/5/2022 06:31:26",
"3207","รัตนบุรี","Rattanaburi","21","9/8/2019 03:33:09","16/5/2022 06:31:26",
"3208","สนม","Sanom","21","9/8/2019 03:33:09","16/5/2022 06:31:26",
"3209","ศีขรภูมิ","Sikhoraphum","21","9/8/2019 03:33:09","16/5/2022 06:31:26",
"3210","สังขะ","Sangkha","21","9/8/2019 03:33:09","16/5/2022 06:31:26",
"3211","ลำดวน","Lamduan","21","9/8/2019 03:33:09","16/5/2022 06:31:26",
"3212","สำโรงทาบ","Samrong Thap","21","9/8/2019 03:33:09","16/5/2022 06:31:26",
"3213","บัวเชด","Buachet","21","9/8/2019 03:33:09","16/5/2022 06:31:26",
"3214","พนมดงรัก","Phanom Dong Rak","21","9/8/2019 03:33:09","16/5/2022 06:31:26",
"3215","ศรีณรงค์","Si Narong","21","9/8/2019 03:33:09","16/5/2022 06:31:26",
"3216","เขวาสินรินทร์","Khwao Sinarin","21","9/8/2019 03:33:09","16/5/2022 06:31:26",
"3217","โนนนารายณ์","Non Narai","21","9/8/2019 03:33:09","16/5/2022 06:31:26",
"3301","เมืองศรีสะเกษ","Mueang Si Sa Ket","22","9/8/2019 03:33:09","16/5/2022 06:31:26",
"3302","ยางชุมน้อย","Yang Chum Noi","22","9/8/2019 03:33:09","16/5/2022 06:31:26",
"3303","กันทรารมย์","Kanthararom","22","9/8/2019 03:33:09","16/5/2022 06:31:26",
"3304","กันทรลักษ์","Kantharalak","22","9/8/2019 03:33:09","16/5/2022 06:31:26",
"3305","ขุขันธ์","Khukhan","22","9/8/2019 03:33:09","16/5/2022 06:31:26",
"3306","ไพรบึง","Phrai Bueng","22","9/8/2019 03:33:09","16/5/2022 06:31:26",
"3307","ปรางค์กู่","Prang Ku","22","9/8/2019 03:33:09","16/5/2022 06:31:26",
"3308","ขุนหาญ","Khun Han","22","9/8/2019 03:33:09","16/5/2022 06:31:26",
"3309","ราษีไศล","Rasi Salai","22","9/8/2019 03:33:09","16/5/2022 06:31:26",
"3310","อุทุมพรพิสัย","Uthumphon Phisai","22","9/8/2019 03:33:09","16/5/2022 06:31:26",
"3311","บึงบูรพ์","Bueng Bun","22","9/8/2019 03:33:09","16/5/2022 06:31:26",
"3312","ห้วยทับทัน","Huai Thap Than","22","9/8/2019 03:33:09","16/5/2022 06:31:26",
"3313","โนนคูณ","Non Khun","22","9/8/2019 03:33:09","16/5/2022 06:31:26",
"3314","ศรีรัตนะ","Si Rattana","22","9/8/2019 03:33:09","16/5/2022 06:31:26",
"3315","น้ำเกลี้ยง","Nam Kliang","22","9/8/2019 03:33:09","21/12/2023 18:56:10",
"3316","วังหิน","Wang Hin","22","9/8/2019 03:33:09","16/5/2022 06:31:26",
"3317","ภูสิงห์","Phu Sing","22","9/8/2019 03:33:09","16/5/2022 06:31:26",
"3318","เมืองจันทร์","Mueang Chan","22","9/8/2019 03:33:09","16/5/2022 06:31:26",
"3319","เบญจลักษ์","Benchalak","22","9/8/2019 03:33:09","16/5/2022 06:31:26",
"3320","พยุห์","Phayu","22","9/8/2019 03:33:09","16/5/2022 06:31:26",
"3321","โพธิ์ศรีสุวรรณ","Pho Si Suwan","22","9/8/2019 03:33:09","16/5/2022 06:31:26",
"3322","ศิลาลาด","Sila Lat","22","9/8/2019 03:33:09","16/5/2022 06:31:26",
"3401","เมืองอุบลราชธานี","Mueang Ubon Ratchathani","23","9/8/2019 03:33:09","16/5/2022 06:31:26",
"3402","ศรีเมืองใหม่","Si Mueang Mai","23","9/8/2019 03:33:09","16/5/2022 06:31:26",
"3403","โขงเจียม","Khong Chiam","23","9/8/2019 03:33:09","16/5/2022 06:31:26",
"3404","เขื่องใน","Khueang Nai","23","9/8/2019 03:33:09","16/5/2022 06:31:26",
"3405","เขมราฐ","Khemarat","23","9/8/2019 03:33:09","16/5/2022 06:31:26",
"3407","เดชอุดม","Det Udom","23","9/8/2019 03:33:09","16/5/2022 06:31:26",
"3408","นาจะหลวย","Na Chaluai","23","9/8/2019 03:33:09","16/5/2022 06:31:26",
"3409","น้ำยืน","Nam Yuen","23","9/8/2019 03:33:09","16/5/2022 06:31:26",
"3410","บุณฑริก","Buntharik","23","9/8/2019 03:33:09","16/5/2022 06:31:26",
"3411","ตระการพืชผล","Trakan Phuet Phon","23","9/8/2019 03:33:09","16/5/2022 06:31:26",
"3412","กุดข้าวปุ้น","Kut Khaopun","23","9/8/2019 03:33:09","16/5/2022 06:31:26",
"3414","ม่วงสามสิบ","Muang Sam Sip","23","9/8/2019 03:33:09","16/5/2022 06:31:26",
"3415","วารินชำราบ","Warin Chamrap","23","9/8/2019 03:33:09","16/5/2022 06:31:26",
"3419","พิบูลมังสาหาร","Phibun Mangsahan","23","9/8/2019 03:33:09","16/5/2022 06:31:26",
"3420","ตาลสุม","Tan Sum","23","9/8/2019 03:33:09","16/5/2022 06:31:26",
"3421","โพธิ์ไทร","Pho Sai","23","9/8/2019 03:33:09","16/5/2022 06:31:26",
"3422","สำโรง","Samrong","23","9/8/2019 03:33:09","16/5/2022 06:31:26",
"3424","ดอนมดแดง","Don Mot Daeng","23","9/8/2019 03:33:09","16/5/2022 06:31:26",
"3425","สิรินธร","Sirindhorn","23","9/8/2019 03:33:09","16/5/2022 06:31:26",
"3426","ทุ่งศรีอุดม","Thung Si Udom","23","9/8/2019 03:33:09","16/5/2022 06:31:26",
"3429","นาเยีย","Na Yia","23","9/8/2019 03:33:09","16/5/2022 06:31:26",
"3430","นาตาล","Na Tan","23","9/8/2019 03:33:09","16/5/2022 06:31:26",
"3431","เหล่าเสือโก้ก","Lao Suea Kok","23","9/8/2019 03:33:09","16/5/2022 06:31:26",
"3432","สว่างวีระวงศ์","Sawang Wirawong","23","9/8/2019 03:33:09","16/5/2022 06:31:26",
"3433","น้ำขุ่น","Nam Khun","23","9/8/2019 03:33:09","16/5/2022 06:31:26",
"3501","เมืองยโสธร","Mueang Yasothon","24","9/8/2019 03:33:09","16/5/2022 06:31:26",
"3502","ทรายมูล","Sai Mun","24","9/8/2019 03:33:09","16/5/2022 06:31:26",
"3503","กุดชุม","Kut Chum","24","9/8/2019 03:33:09","16/5/2022 06:31:26",
"3504","คำเขื่อนแก้ว","Kham Khuean Kaeo","24","9/8/2019 03:33:09","16/5/2022 06:31:26",
"3505","ป่าติ้ว","Pa Tio","24","9/8/2019 03:33:09","16/5/2022 06:31:26",
"3506","มหาชนะชัย","Maha Chana Chai","24","9/8/2019 03:33:09","16/5/2022 06:31:26",
"3507","ค้อวัง","Kho Wang","24","9/8/2019 03:33:09","16/5/2022 06:31:26",
"3508","เลิงนกทา","Loeng Nok Tha","24","9/8/2019 03:33:09","16/5/2022 06:31:26",
"3509","ไทยเจริญ","Thai Charoen","24","9/8/2019 03:33:09","16/5/2022 06:31:26",
"3601","เมืองชัยภูมิ","Mueang Chaiyaphum","25","9/8/2019 03:33:09","16/5/2022 06:31:26",
"3602","บ้านเขว้า","Ban Khwao","25","9/8/2019 03:33:09","16/5/2022 06:31:26",
"3603","คอนสวรรค์","Khon Sawan","25","9/8/2019 03:33:09","16/5/2022 06:31:26",
"3604","เกษตรสมบูรณ์","Kaset Sombun","25","9/8/2019 03:33:09","16/5/2022 06:31:26",
"3605","หนองบัวแดง","Nong Bua Daeng","25","9/8/2019 03:33:09","16/5/2022 06:31:26",
"3606","จัตุรัส","Chatturat","25","9/8/2019 03:33:09","16/5/2022 06:31:26",
"3607","บำเหน็จณรงค์","Bamnet Narong","25","9/8/2019 03:33:09","16/5/2022 06:31:26",
"3608","หนองบัวระเหว","Nong Bua Rawe","25","9/8/2019 03:33:09","16/5/2022 06:31:26",
"3609","เทพสถิต","Thep Sathit","25","9/8/2019 03:33:09","16/5/2022 06:31:26",
"3610","ภูเขียว","Phu Khiao","25","9/8/2019 03:33:09","16/5/2022 06:31:26",
"3611","บ้านแท่น","Ban Thaen","25","9/8/2019 03:33:09","16/5/2022 06:31:26",
"3612","แก้งคร้อ","Kaeng Khro","25","9/8/2019 03:33:09","16/5/2022 06:31:26",
"3613","คอนสาร","Khon San","25","9/8/2019 03:33:09","16/5/2022 06:31:26",
"3614","ภักดีชุมพล","Phakdi Chumphon","25","9/8/2019 03:33:09","16/5/2022 06:31:26",
"3615","เนินสง่า","Noen Sa-nga","25","9/8/2019 03:33:09","16/5/2022 06:31:26",
"3616","ซับใหญ่","Sap Yai","25","9/8/2019 03:33:09","16/5/2022 06:31:26",
"3701","เมืองอำนาจเจริญ","Mueang Amnat Charoen","26","9/8/2019 03:33:09","16/5/2022 06:31:26",
"3702","ชานุมาน","Chanuman","26","9/8/2019 03:33:09","16/5/2022 06:31:26",
"3703","ปทุมราชวงศา","Pathum Ratchawongsa","26","9/8/2019 03:33:09","16/5/2022 06:31:26",
"3704","พนา","Phana","26","9/8/2019 03:33:09","16/5/2022 06:31:26",
"3705","เสนางคนิคม","Senangkhanikhom","26","9/8/2019 03:33:09","16/5/2022 06:31:26",
"3706","หัวตะพาน","Hua Taphan","26","9/8/2019 03:33:09","16/5/2022 06:31:26",
"3707","ลืออำนาจ","Lue Amnat","26","9/8/2019 03:33:09","16/5/2022 06:31:26",
"3801","เมืองบึงกาฬ","Mueang Bueng Kan","77","9/8/2019 03:33:09","16/5/2022 06:31:26",
"3802","เซกา","Seka","77","9/8/2019 03:33:09","16/5/2022 06:31:26",
"3803","โซ่พิสัย","So Phisai","77","9/8/2019 03:33:09","16/5/2022 06:31:26",
"3804","พรเจริญ","Phon Charoen","77","9/8/2019 03:33:09","16/5/2022 06:31:26",
"3805","ศรีวิไล","Si Wilai","77","9/8/2019 03:33:09","16/5/2022 06:31:26",
"3806","บึงโขงหลง","Bueng Khong Long","77","9/8/2019 03:33:09","16/5/2022 06:31:26",
"3807","ปากคาด","Pak Khat","77","9/8/2019 03:33:09","16/5/2022 06:31:26",
"3808","บุ่งคล้า","Bung Khla","77","9/8/2019 03:33:09","16/5/2022 06:31:26",
"3901","เมืองหนองบัวลำภู","Mueang Nong Bua Lam Phu","27","9/8/2019 03:33:09","16/5/2022 06:31:26",
"3902","นากลาง","Na Klang","27","9/8/2019 03:33:09","16/5/2022 06:31:26",
"3903","โนนสัง","Non Sang","27","9/8/2019 03:33:09","16/5/2022 06:31:26",
"3904","ศรีบุญเรือง","Si Bun Rueang","27","9/8/2019 03:33:09","16/5/2022 06:31:26",
"3905","สุวรรณคูหา","Suwannakhuha","27","9/8/2019 03:33:09","16/5/2022 06:31:26",
"3906","นาวัง","Na Wang","27","9/8/2019 03:33:09","16/5/2022 06:31:26",
"4001","เมืองขอนแก่น","Mueang Khon Kaen","28","9/8/2019 03:33:09","16/5/2022 06:31:26",
"4002","บ้านฝาง","Ban Fang","28","9/8/2019 03:33:09","16/5/2022 06:31:26",
"4003","พระยืน","Phra Yuen","28","9/8/2019 03:33:09","16/5/2022 06:31:26",
"4004","หนองเรือ","Nong Ruea","28","9/8/2019 03:33:09","16/5/2022 06:31:26",
"4005","ชุมแพ","Chum Phae","28","9/8/2019 03:33:09","16/5/2022 06:31:26",
"4006","สีชมพู","Si Chomphu","28","9/8/2019 03:33:09","16/5/2022 06:31:26",
"4007","น้ำพอง","Nam Phong","28","9/8/2019 03:33:09","16/5/2022 06:31:26",
"4008","อุบลรัตน์","Ubolratana","28","9/8/2019 03:33:09","16/5/2022 06:31:26",
"4009","กระนวน","Kranuan","28","9/8/2019 03:33:09","16/5/2022 06:31:26",
"4010","บ้านไผ่","Ban Phai","28","9/8/2019 03:33:09","16/5/2022 06:31:26",
"4011","เปือยน้อย","Pueai Noi","28","9/8/2019 03:33:09","16/5/2022 06:31:26",
"4012","พล","Phon","28","9/8/2019 03:33:09","16/5/2022 06:31:26",
"4013","แวงใหญ่","Waeng Yai","28","9/8/2019 03:33:09","16/5/2022 06:31:26",
"4014","แวงน้อย","Waeng Noi","28","9/8/2019 03:33:09","16/5/2022 06:31:26",
"4015","หนองสองห้อง","Nong Song Hong","28","9/8/2019 03:33:09","16/5/2022 06:31:26",
"4016","ภูเวียง","Phu Wiang","28","9/8/2019 03:33:09","16/5/2022 06:31:26",
"4017","มัญจาคีรี","Mancha Khiri","28","9/8/2019 03:33:09","16/5/2022 06:31:26",
"4018","ชนบท","Chonnabot","28","9/8/2019 03:33:09","16/5/2022 06:31:26",
"4019","เขาสวนกวาง","Khao Suan Kwang","28","9/8/2019 03:33:09","16/5/2022 06:31:26",
"4020","ภูผาม่าน","Phu Pha Man","28","9/8/2019 03:33:09","16/5/2022 06:31:26",
"4021","ซำสูง","Sam Sung","28","9/8/2019 03:33:09","16/5/2022 06:31:26",
"4022","โคกโพธิ์ไชย","Khok Pho Chai","28","9/8/2019 03:33:09","16/5/2022 06:31:26",
"4023","หนองนาคำ","Nong Na Kham","28","9/8/2019 03:33:09","16/5/2022 06:31:26",
"4024","บ้านแฮด","Ban Haet","28","9/8/2019 03:33:09","16/5/2022 06:31:26",
"4025","โนนศิลา","Non Sila","28","9/8/2019 03:33:09","16/5/2022 06:31:26",
"4029","เวียงเก่า","Wiang Kao","28","9/8/2019 03:33:09","16/5/2022 06:31:26",
"4101","เมืองอุดรธานี","Mueang Udon Thani","29","9/8/2019 03:33:09","16/5/2022 06:31:26",
"4102","กุดจับ","Kut Chap","29","9/8/2019 03:33:09","16/5/2022 06:31:26",
"4103","หนองวัวซอ","Nong Wua So","29","9/8/2019 03:33:09","16/5/2022 06:31:26",
"4104","กุมภวาปี","Kumphawapi","29","9/8/2019 03:33:09","16/5/2022 06:31:26",
"4105","โนนสะอาด","Non Sa-at","29","9/8/2019 03:33:09","16/5/2022 06:31:26",
"4106","หนองหาน","Nong Han","29","9/8/2019 03:33:09","16/5/2022 06:31:26",
"4107","ทุ่งฝน","Thung Fon","29","9/8/2019 03:33:09","16/5/2022 06:31:26",
"4108","ไชยวาน","Chai Wan","29","9/8/2019 03:33:09","16/5/2022 06:31:26",
"4109","ศรีธาตุ","Si That","29","9/8/2019 03:33:09","16/5/2022 06:31:26",
"4110","วังสามหมอ","Wang Sam Mo","29","9/8/2019 03:33:09","16/5/2022 06:31:26",
"4111","บ้านดุง","Ban Dung","29","9/8/2019 03:33:09","16/5/2022 06:31:26",
"4117","บ้านผือ","Ban Phue","29","9/8/2019 03:33:09","16/5/2022 06:31:26",
"4118","น้ำโสม","Nam Som","29","9/8/2019 03:33:09","16/5/2022 06:31:26",
"4119","เพ็ญ","Phen","29","9/8/2019 03:33:09","16/5/2022 06:31:26",
"4120","สร้างคอม","Sang Khom","29","9/8/2019 03:33:09","16/5/2022 06:31:26",
"4121","หนองแสง","Nong Saeng","29","9/8/2019 03:33:09","16/5/2022 06:31:26",
"4122","นายูง","Na Yung","29","9/8/2019 03:33:09","16/5/2022 06:31:26",
"4123","พิบูลย์รักษ์","Phibun Rak","29","9/8/2019 03:33:09","16/5/2022 06:31:26",
"4124","กู่แก้ว","Ku Kaeo","29","9/8/2019 03:33:09","16/5/2022 06:31:26",
"4125","ประจักษ์ศิลปาคม","rachak-sinlapakhom","29","9/8/2019 03:33:09","16/5/2022 06:31:26",
"4201","เมืองเลย","Mueang Loei","30","9/8/2019 03:33:09","16/5/2022 06:31:26",
"4202","นาด้วง","Na Duang","30","9/8/2019 03:33:09","16/5/2022 06:31:26",
"4203","เชียงคาน","Chiang Khan","30","9/8/2019 03:33:09","16/5/2022 06:31:26",
"4204","ปากชม","Pak Chom","30","9/8/2019 03:33:09","16/5/2022 06:31:26",
"4205","ด่านซ้าย","Dan Sai","30","9/8/2019 03:33:09","16/5/2022 06:31:26",
"4206","นาแห้ว","Na Haeo","30","9/8/2019 03:33:09","16/5/2022 06:31:26",
"4207","ภูเรือ","Phu Ruea","30","9/8/2019 03:33:09","16/5/2022 06:31:26",
"4208","ท่าลี่","Tha Li","30","9/8/2019 03:33:09","16/5/2022 06:31:26",
"4209","วังสะพุง","Wang Saphung","30","9/8/2019 03:33:09","16/5/2022 06:31:26",
"4210","ภูกระดึง","Phu Kradueng","30","9/8/2019 03:33:09","16/5/2022 06:31:26",
"4211","ภูหลวง","Phu Luang","30","9/8/2019 03:33:09","16/5/2022 06:31:26",
"4212","ผาขาว","Pha Khao","30","9/8/2019 03:33:09","16/5/2022 06:31:26",
"4213","เอราวัณ","Erawan","30","9/8/2019 03:33:09","16/5/2022 06:31:26",
"4214","หนองหิน","Nong Hin","30","9/8/2019 03:33:09","16/5/2022 06:31:26",
"4301","เมืองหนองคาย","Mueang Nong Khai","31","9/8/2019 03:33:09","16/5/2022 06:31:26",
"4302","ท่าบ่อ","Tha Bo","31","9/8/2019 03:33:09","16/5/2022 06:31:26",
"4305","โพนพิสัย","Phon Phisai","31","9/8/2019 03:33:09","16/5/2022 06:31:26",
"4307","ศรีเชียงใหม่","Si Chiang Mai","31","9/8/2019 03:33:09","16/5/2022 06:31:26",
"4308","สังคม","Sangkhom","31","9/8/2019 03:33:09","16/5/2022 06:31:26",
"4314","สระใคร","Sakhrai","31","9/8/2019 03:33:09","16/5/2022 06:31:26",
"4315","เฝ้าไร่","Fao Rai","31","9/8/2019 03:33:09","16/5/2022 06:31:26",
"4316","รัตนวาปี","Rattanawapi","31","9/8/2019 03:33:09","16/5/2022 06:31:26",
"4317","โพธิ์ตาก","Pho Tak","31","9/8/2019 03:33:09","16/5/2022 06:31:26",
"4401","เมืองมหาสารคาม","Mueang Maha Sarakham","32","9/8/2019 03:33:09","16/5/2022 06:31:26",
"4402","แกดำ","Kae Dam","32","9/8/2019 03:33:09","16/5/2022 06:31:26",
"4403","โกสุมพิสัย","Kosum Phisai","32","9/8/2019 03:33:09","16/5/2022 06:31:26",
"4404","กันทรวิชัย","Kantharawichai","32","9/8/2019 03:33:09","16/5/2022 06:31:26",
"4405","เชียงยืน","Kantharawichai","32","9/8/2019 03:33:09","16/5/2022 06:31:26",
"4406","บรบือ","Borabue","32","9/8/2019 03:33:09","16/5/2022 06:31:26",
"4407","นาเชือก","Na Chueak","32","9/8/2019 03:33:09","16/5/2022 06:31:26",
"4408","พยัคฆภูมิพิสัย","Phayakkhaphum Phisai","32","9/8/2019 03:33:09","16/5/2022 06:31:26",
"4409","วาปีปทุม","Wapi Pathum","32","9/8/2019 03:33:09","16/5/2022 06:31:26",
"4410","นาดูน","Na Dun","32","9/8/2019 03:33:09","16/5/2022 06:31:26",
"4411","ยางสีสุราช","Yang Sisurat","32","9/8/2019 03:33:09","16/5/2022 06:31:26",
"4412","กุดรัง","Kut Rang","32","9/8/2019 03:33:09","16/5/2022 06:31:26",
"4413","ชื่นชม","Chuen Chom","32","9/8/2019 03:33:09","16/5/2022 06:31:26",
"4501","เมืองร้อยเอ็ด","Mueang Roi Et","33","9/8/2019 03:33:09","16/5/2022 06:31:26",
"4502","เกษตรวิสัย","Kaset Wisai","33","9/8/2019 03:33:09","16/5/2022 06:31:26",
"4503","ปทุมรัตต์","Pathum Rat","33","9/8/2019 03:33:09","16/5/2022 06:31:26",
"4504","จตุรพักตรพิมาน","Chaturaphak Phiman","33","9/8/2019 03:33:09","16/5/2022 06:31:26",
"4505","ธวัชบุรี","Thawat Buri","33","9/8/2019 03:33:09","16/5/2022 06:31:26",
"4506","พนมไพร","Phanom Phrai","33","9/8/2019 03:33:09","16/5/2022 06:31:26",
"4507","โพนทอง","Phon Thong","33","9/8/2019 03:33:09","16/5/2022 06:31:26",
"4508","โพธิ์ชัย","Pho Chai","33","9/8/2019 03:33:09","16/5/2022 06:31:26",
"4509","หนองพอก","Nong Phok","33","9/8/2019 03:33:09","16/5/2022 06:31:26",
"4510","เสลภูมิ","Selaphum","33","9/8/2019 03:33:09","16/5/2022 06:31:26",
"4511","สุวรรณภูมิ","Suwannaphum","33","9/8/2019 03:33:09","16/5/2022 06:31:26",
"4512","เมืองสรวง","Mueang Suang","33","9/8/2019 03:33:09","16/5/2022 06:31:26",
"4513","โพนทราย","Phon Sai","33","9/8/2019 03:33:09","16/5/2022 06:31:26",
"4514","อาจสามารถ","At Samat","33","9/8/2019 03:33:09","16/5/2022 06:31:26",
"4515","เมยวดี","Moei Wadi","33","9/8/2019 03:33:09","16/5/2022 06:31:26",
"4516","ศรีสมเด็จ","Si Somdet","33","9/8/2019 03:33:09","16/5/2022 06:31:26",
"4517","จังหาร","Changhan","33","9/8/2019 03:33:09","16/5/2022 06:31:26",
"4518","เชียงขวัญ","Chiang Khwan","33","9/8/2019 03:33:09","16/5/2022 06:31:26",
"4519","หนองฮี","Nong Hi","33","9/8/2019 03:33:09","16/5/2022 06:31:26",
"4520","ทุ่งเขาหลวง","Thung Khao Luangกิ่","33","9/8/2019 03:33:09","16/5/2022 06:31:26",
"4601","เมืองกาฬสินธุ์","Mueang Kalasin","34","9/8/2019 03:33:09","16/5/2022 06:31:26",
"4602","นามน","Na Mon","34","9/8/2019 03:33:09","16/5/2022 06:31:26",
"4603","กมลาไสย","Kamalasai","34","9/8/2019 03:33:09","16/5/2022 06:31:26",
"4604","ร่องคำ","Rong Kham","34","9/8/2019 03:33:09","16/5/2022 06:31:26",
"4605","กุฉินารายณ์","Kuchinarai","34","9/8/2019 03:33:09","16/5/2022 06:31:26",
"4606","เขาวง","Khao Wong","34","9/8/2019 03:33:09","16/5/2022 06:31:26",
"4607","ยางตลาด","Yang Talat","34","9/8/2019 03:33:09","16/5/2022 06:31:26",
"4608","ห้วยเม็ก","Huai Mek","34","9/8/2019 03:33:09","16/5/2022 06:31:26",
"4609","สหัสขันธ์","Sahatsakhan","34","9/8/2019 03:33:09","16/5/2022 06:31:26",
"4610","คำม่วง","Kham Muang","34","9/8/2019 03:33:09","16/5/2022 06:31:26",
"4611","ท่าคันโท","Tha Khantho","34","9/8/2019 03:33:09","16/5/2022 06:31:26",
"4612","หนองกุงศรี","Nong Kung Si","34","9/8/2019 03:33:09","16/5/2022 06:31:26",
"4613","สมเด็จ","Somdet","34","9/8/2019 03:33:09","16/5/2022 06:31:26",
"4614","ห้วยผึ้ง","Huai Phueng","34","9/8/2019 03:33:09","16/5/2022 06:31:26",
"4615","สามชัย","Sam Chai","34","9/8/2019 03:33:09","16/5/2022 06:31:26",
"4616","นาคู","Na Khu","34","9/8/2019 03:33:09","16/5/2022 06:31:26",
"4617","ดอนจาน","Don Chan","34","9/8/2019 03:33:09","16/5/2022 06:31:26",
"4618","ฆ้องชัย","Khong Chai","34","9/8/2019 03:33:09","16/5/2022 06:31:26",
"4701","เมืองสกลนคร","Mueang Sakon Nakhon","35","9/8/2019 03:33:09","16/5/2022 06:31:26",
"4702","กุสุมาลย์","Kusuman","35","9/8/2019 03:33:09","16/5/2022 06:31:26",
"4703","กุดบาก","Kut Bak","35","9/8/2019 03:33:09","16/5/2022 06:31:26",
"4704","พรรณานิคม","Phanna Nikhom","35","9/8/2019 03:33:09","16/5/2022 06:31:26",
"4705","พังโคน","Phang Khon","35","9/8/2019 03:33:09","16/5/2022 06:31:26",
"4706","วาริชภูมิ","Waritchaphum","35","9/8/2019 03:33:09","16/5/2022 06:31:26",
"4707","นิคมน้ำอูน","Nikhom Nam Un","35","9/8/2019 03:33:09","16/5/2022 06:31:26",
"4708","วานรนิวาส","Wanon Niwat","35","9/8/2019 03:33:09","16/5/2022 06:31:26",
"4709","คำตากล้า","Kham Ta Kla","35","9/8/2019 03:33:09","16/5/2022 06:31:26",
"4710","บ้านม่วง","Ban Muang","35","9/8/2019 03:33:09","16/5/2022 06:31:26",
"4711","อากาศอำนวย","Akat Amnuai","35","9/8/2019 03:33:09","16/5/2022 06:31:26",
"4712","สว่างแดนดิน","Sawang Daen Din","35","9/8/2019 03:33:09","16/5/2022 06:31:26",
"4713","ส่องดาว","Song Dao","35","9/8/2019 03:33:09","16/5/2022 06:31:26",
"4714","เต่างอย","Tao Ngoi","35","9/8/2019 03:33:09","16/5/2022 06:31:26",
"4715","โคกศรีสุพรรณ","Khok Si Suphan","35","9/8/2019 03:33:09","16/5/2022 06:31:26",
"4716","เจริญศิลป์","Charoen Sin","35","9/8/2019 03:33:09","16/5/2022 06:31:26",
"4717","โพนนาแก้ว","Phon Na Kaeo","35","9/8/2019 03:33:09","16/5/2022 06:31:26",
"4718","ภูพาน","Phu Phan","35","9/8/2019 03:33:09","16/5/2022 06:31:26",
"4801","เมืองนครพนม","Mueang Nakhon Phanom","36","9/8/2019 03:33:09","16/5/2022 06:31:26",
"4802","ปลาปาก","Pla Pak","36","9/8/2019 03:33:09","16/5/2022 06:31:26",
"4803","ท่าอุเทน","Tha Uthen","36","9/8/2019 03:33:09","16/5/2022 06:31:26",
"4804","บ้านแพง","Ban Phaeng","36","9/8/2019 03:33:09","16/5/2022 06:31:26",
"4805","ธาตุพนม","That Phanom","36","9/8/2019 03:33:09","16/5/2022 06:31:26",
"4806","เรณูนคร","Renu Nakhon","36","9/8/2019 03:33:09","16/5/2022 06:31:26",
"4807","นาแก","Na Kae","36","9/8/2019 03:33:09","16/5/2022 06:31:26",
"4808","ศรีสงคราม","Si Songkhram","36","9/8/2019 03:33:09","16/5/2022 06:31:26",
"4809","นาหว้า","Na Wa","36","9/8/2019 03:33:09","16/5/2022 06:31:26",
"4810","โพนสวรรค์","Phon Sawan","36","9/8/2019 03:33:09","16/5/2022 06:31:26",
"4811","นาทม","Na Thom","36","9/8/2019 03:33:09","16/5/2022 06:31:26",
"4812","วังยาง","Wang Yang","36","9/8/2019 03:33:09","16/5/2022 06:31:26",
"4901","เมืองมุกดาหาร","Mueang Mukdahan","37","9/8/2019 03:33:09","16/5/2022 06:31:26",
"4902","นิคมคำสร้อย","Nikhom Kham Soi","37","9/8/2019 03:33:09","16/5/2022 06:31:26",
"4903","ดอนตาล","Don Tan","37","9/8/2019 03:33:09","16/5/2022 06:31:26",
"4904","ดงหลวง","Dong Luang","37","9/8/2019 03:33:09","16/5/2022 06:31:26",
"4905","คำชะอี","Khamcha-i","37","9/8/2019 03:33:09","16/5/2022 06:31:26",
"4906","หว้านใหญ่","Wan Yai","37","9/8/2019 03:33:09","16/5/2022 06:31:26",
"4907","หนองสูง","Nong Sung","37","9/8/2019 03:33:09","16/5/2022 06:31:26",
"5001","เมืองเชียงใหม่","Mueang Chiang Mai","38","9/8/2019 03:33:09","16/5/2022 06:31:26",
"5002","จอมทอง","Chom Thong","38","9/8/2019 03:33:09","16/5/2022 06:31:26",
"5003","แม่แจ่ม","Mae Chaem","38","9/8/2019 03:33:09","16/5/2022 06:31:26",
"5004","เชียงดาว","Chiang Dao","38","9/8/2019 03:33:09","16/5/2022 06:31:26",
"5005","ดอยสะเก็ด","Doi Saket","38","9/8/2019 03:33:09","16/5/2022 06:31:26",
"5006","แม่แตง","Mae Taeng","38","9/8/2019 03:33:09","16/5/2022 06:31:26",
"5007","แม่ริม","Mae Rim","38","9/8/2019 03:33:09","16/5/2022 06:31:26",
"5008","สะเมิง","Samoeng","38","9/8/2019 03:33:09","16/5/2022 06:31:26",
"5009","ฝาง","Fang","38","9/8/2019 03:33:09","16/5/2022 06:31:26",
"5010","แม่อาย","Mae Ai","38","9/8/2019 03:33:09","16/5/2022 06:31:26",
"5011","พร้าว","Phrao","38","9/8/2019 03:33:09","16/5/2022 06:31:26",
"5012","สันป่าตอง","San Pa Tong","38","9/8/2019 03:33:09","16/5/2022 06:31:26",
"5013","สันกำแพง","San Kamphaeng","38","9/8/2019 03:33:09","16/5/2022 06:31:26",
"5014","สันทราย","San Sai","38","9/8/2019 03:33:09","16/5/2022 06:31:26",
"5015","หางดง","Hang Dong","38","9/8/2019 03:33:09","16/5/2022 06:31:26",
"5016","ฮอด","Hot","38","9/8/2019 03:33:09","16/5/2022 06:31:26",
"5017","ดอยเต่า","Doi Tao","38","9/8/2019 03:33:09","16/5/2022 06:31:26",
"5018","อมก๋อย","Omkoi","38","9/8/2019 03:33:09","16/5/2022 06:31:26",
"5019","สารภี","Saraphi","38","9/8/2019 03:33:09","16/5/2022 06:31:26",
"5020","เวียงแหง","Wiang Haeng","38","9/8/2019 03:33:09","16/5/2022 06:31:26",
"5021","ไชยปราการ","Chai Prakan","38","9/8/2019 03:33:09","16/5/2022 06:31:26",
"5022","แม่วาง","Mae Wang","38","9/8/2019 03:33:09","16/5/2022 06:31:26",
"5023","แม่ออน","Mae On","38","9/8/2019 03:33:09","16/5/2022 06:31:26",
"5024","ดอยหล่อ","Doi Lo","38","9/8/2019 03:33:09","16/5/2022 06:31:26",
"5101","เมืองลำพูน","Mueang Lamphun","39","9/8/2019 03:33:09","16/5/2022 06:31:26",
"5102","แม่ทา","Mae Tha","39","9/8/2019 03:33:09","16/5/2022 06:31:26",
"5103","บ้านโฮ่ง","Ban Hong","39","9/8/2019 03:33:09","16/5/2022 06:31:26",
"5104","ลี้","Li","39","9/8/2019 03:33:09","16/5/2022 06:31:26",
"5105","ทุ่งหัวช้าง","Thung Hua Chang","39","9/8/2019 03:33:09","16/5/2022 06:31:26",
"5106","ป่าซาง","Pa Sang","39","9/8/2019 03:33:09","16/5/2022 06:31:26",
"5107","บ้านธิ","Ban Thi","39","9/8/2019 03:33:09","16/5/2022 06:31:26",
"5108","เวียงหนองล่อง","Wiang Nong Long","39","9/8/2019 03:33:09","16/5/2022 06:31:26",
"5201","เมืองลำปาง","Mueang Lampang","40","9/8/2019 03:33:09","16/5/2022 06:31:26",
"5202","แม่เมาะ","Mae Mo","40","9/8/2019 03:33:09","16/5/2022 06:31:26",
"5203","เกาะคา","Ko Kha","40","9/8/2019 03:33:09","16/5/2022 06:31:26",
"5204","เสริมงาม","Soem Ngam","40","9/8/2019 03:33:09","16/5/2022 06:31:26",
"5205","งาว","Ngao","40","9/8/2019 03:33:09","16/5/2022 06:31:26",
"5206","แจ้ห่ม","Chae Hom","40","9/8/2019 03:33:09","16/5/2022 06:31:26",
"5207","วังเหนือ","Wang Nuea","40","9/8/2019 03:33:09","16/5/2022 06:31:26",
"5208","เถิน","Thoen","40","9/8/2019 03:33:09","16/5/2022 06:31:26",
"5209","แม่พริก","Mae Phrik","40","9/8/2019 03:33:09","16/5/2022 06:31:26",
"5210","แม่ทะ","Mae Tha","40","9/8/2019 03:33:09","16/5/2022 06:31:26",
"5211","สบปราบ","Sop Prap","40","9/8/2019 03:33:09","16/5/2022 06:31:26",
"5212","ห้างฉัตร","Hang Chat","40","9/8/2019 03:33:09","16/5/2022 06:31:26",
"5213","เมืองปาน","Mueang Pan","40","9/8/2019 03:33:09","16/5/2022 06:31:26",
"5301","เมืองอุตรดิตถ์","Mueang Uttaradit","41","9/8/2019 03:33:09","16/5/2022 06:31:26",
"5302","ตรอน","Tron","41","9/8/2019 03:33:09","16/5/2022 06:31:26",
"5303","ท่าปลา","Tha Pla","41","9/8/2019 03:33:09","16/5/2022 06:31:26",
"5304","น้ำปาด","Nam Pat","41","9/8/2019 03:33:09","16/5/2022 06:31:26",
"5305","ฟากท่า","Fak Tha","41","9/8/2019 03:33:09","16/5/2022 06:31:26",
"5306","บ้านโคก","Ban Khok","41","9/8/2019 03:33:09","16/5/2022 06:31:26",
"5307","พิชัย","Phichai","41","9/8/2019 03:33:09","16/5/2022 06:31:26",
"5308","ลับแล","Laplae","41","9/8/2019 03:33:09","16/5/2022 06:31:26",
"5309","ทองแสนขัน","Thong Saen Khan","41","9/8/2019 03:33:09","16/5/2022 06:31:26",
"5401","เมืองแพร่","Mueang Phrae","42","9/8/2019 03:33:09","16/5/2022 06:31:26",
"5402","ร้องกวาง","Rong Kwang","42","9/8/2019 03:33:09","16/5/2022 06:31:26",
"5403","ลอง","Long","42","9/8/2019 03:33:09","16/5/2022 06:31:26",
"5404","สูงเม่น","Sung Men","42","9/8/2019 03:33:09","16/5/2022 06:31:26",
"5405","เด่นชัย","Den Chai","42","9/8/2019 03:33:09","16/5/2022 06:31:26",
"5406","สอง","Song","42","9/8/2019 03:33:09","16/5/2022 06:31:26",
"5407","วังชิ้น","Wang Chin","42","9/8/2019 03:33:09","16/5/2022 06:31:26",
"5408","หนองม่วงไข่","Nong Muang Khai","42","9/8/2019 03:33:09","16/5/2022 06:31:26",
"5501","เมืองน่าน","Mueang Nan","43","9/8/2019 03:33:09","16/5/2022 06:31:26",
"5502","แม่จริม","Mae Charim","43","9/8/2019 03:33:09","16/5/2022 06:31:26",
"5503","บ้านหลวง","Ban Luang","43","9/8/2019 03:33:09","16/5/2022 06:31:26",
"5504","นาน้อย","Na Noi","43","9/8/2019 03:33:09","16/5/2022 06:31:26",
"5505","ปัว","Pua","43","9/8/2019 03:33:09","16/5/2022 06:31:26",
"5506","ท่าวังผา","Tha Wang Pha","43","9/8/2019 03:33:09","16/5/2022 06:31:26",
"5507","เวียงสา","Wiang Sa","43","9/8/2019 03:33:09","16/5/2022 06:31:26",
"5508","ทุ่งช้าง","Thung Chang","43","9/8/2019 03:33:09","16/5/2022 06:31:26",
"5509","เชียงกลาง","Chiang Klang","43","9/8/2019 03:33:09","16/5/2022 06:31:26",
"5510","นาหมื่น","Na Muen","43","9/8/2019 03:33:09","16/5/2022 06:31:26",
"5511","สันติสุข","Santi Suk","43","9/8/2019 03:33:09","16/5/2022 06:31:26",
"5512","บ่อเกลือ","Bo Kluea","43","9/8/2019 03:33:09","16/5/2022 06:31:26",
"5513","สองแคว","Song Khwae","43","9/8/2019 03:33:09","16/5/2022 06:31:26",
"5514","ภูเพียง","Phu Phiang","43","9/8/2019 03:33:09","16/5/2022 06:31:26",
"5515","เฉลิมพระเกียรติ","Chaloem Phra Kiat","43","9/8/2019 03:33:09","16/5/2022 06:31:26",
"5601","เมืองพะเยา","Mueang Phayao","44","9/8/2019 03:33:09","16/5/2022 06:31:26",
"5602","จุน","Chun","44","9/8/2019 03:33:09","16/5/2022 06:31:26",
"5603","เชียงคำ","Chiang Kham","44","9/8/2019 03:33:09","16/5/2022 06:31:26",
"5604","เชียงม่วน","Chiang Muan","44","9/8/2019 03:33:09","16/5/2022 06:31:26",
"5605","ดอกคำใต้","Dok Khamtai","44","9/8/2019 03:33:09","16/5/2022 06:31:26",
"5606","ปง","Pong","44","9/8/2019 03:33:09","16/5/2022 06:31:26",
"5607","แม่ใจ","Mae Chai","44","9/8/2019 03:33:09","16/5/2022 06:31:26",
"5608","ภูซาง","Phu Sang","44","9/8/2019 03:33:09","16/5/2022 06:31:26",
"5609","ภูกามยาว","Phu Kamyao","44","9/8/2019 03:33:09","16/5/2022 06:31:26",
"5701","เมืองเชียงราย","Mueang Chiang Rai","45","9/8/2019 03:33:09","16/5/2022 06:31:26",
"5702","เวียงชัย","Wiang Chai","45","9/8/2019 03:33:09","16/5/2022 06:31:26",
"5703","เชียงของ","Chiang Khong","45","9/8/2019 03:33:09","16/5/2022 06:31:26",
"5704","เทิง","Thoeng","45","9/8/2019 03:33:09","16/5/2022 06:31:26",
"5705","พาน","Phan","45","9/8/2019 03:33:09","16/5/2022 06:31:26",
"5706","ป่าแดด","Pa Daet","45","9/8/2019 03:33:09","16/5/2022 06:31:26",
"5707","แม่จัน","Mae Chan","45","9/8/2019 03:33:09","16/5/2022 06:31:26",
"5708","เชียงแสน","Chiang Saen","45","9/8/2019 03:33:09","16/5/2022 06:31:26",
"5709","แม่สาย","Mae Sai","45","9/8/2019 03:33:09","16/5/2022 06:31:26",
"5710","แม่สรวย","Mae Suai","45","9/8/2019 03:33:09","16/5/2022 06:31:26",
"5711","เวียงป่าเป้า","Wiang Pa Pao","45","9/8/2019 03:33:09","16/5/2022 06:31:26",
"5712","พญาเม็งราย","Phaya Mengrai","45","9/8/2019 03:33:09","16/5/2022 06:31:26",
"5713","เวียงแก่น","Wiang Kaen","45","9/8/2019 03:33:09","16/5/2022 06:31:26",
"5714","ขุนตาล","Khun Tan","45","9/8/2019 03:33:09","16/5/2022 06:31:26",
"5715","แม่ฟ้าหลวง","Mae Fa Luang","45","9/8/2019 03:33:09","16/5/2022 06:31:26",
"5716","แม่ลาว","Mae Lao","45","9/8/2019 03:33:09","16/5/2022 06:31:26",
"5717","เวียงเชียงรุ้ง","Wiang Chiang Rung","45","9/8/2019 03:33:09","16/5/2022 06:31:26",
"5718","ดอยหลวง","Doi Luang","45","9/8/2019 03:33:09","16/5/2022 06:31:26",
"5801","เมืองแม่ฮ่องสอน","Mueang Mae Hong Son","46","9/8/2019 03:33:09","16/5/2022 06:31:26",
"5802","ขุนยวม","Khun Yuam","46","9/8/2019 03:33:09","16/5/2022 06:31:26",
"5803","ปาย","Pai","46","9/8/2019 03:33:09","16/5/2022 06:31:26",
"5804","แม่สะเรียง","Mae Sariang","46","9/8/2019 03:33:09","16/5/2022 06:31:26",
"5805","แม่ลาน้อย","Mae La Noi","46","9/8/2019 03:33:09","16/5/2022 06:31:26",
"5806","สบเมย","Sop Moei","46","9/8/2019 03:33:09","16/5/2022 06:31:26",
"5807","ปางมะผ้า","Pang Mapha","46","9/8/2019 03:33:09","16/5/2022 06:31:26",
"6001","เมืองนครสวรรค์","Mueang Nakhon Sawan","47","9/8/2019 03:33:09","16/5/2022 06:31:26",
"6002","โกรกพระ","Krok Phra","47","9/8/2019 03:33:09","16/5/2022 06:31:26",
"6003","ชุมแสง","Chum Saeng","47","9/8/2019 03:33:09","16/5/2022 06:31:26",
"6004","หนองบัว","Nong Bua","47","9/8/2019 03:33:09","16/5/2022 06:31:26",
"6005","บรรพตพิสัย","Banphot Phisai","47","9/8/2019 03:33:09","16/5/2022 06:31:26",
"6006","เก้าเลี้ยว","Kao Liao","47","9/8/2019 03:33:09","16/5/2022 06:31:26",
"6007","ตาคลี","Takhli","47","9/8/2019 03:33:09","16/5/2022 06:31:26",
"6008","ท่าตะโก","Takhli","47","9/8/2019 03:33:09","16/5/2022 06:31:26",
"6009","ไพศาลี","Phaisali","47","9/8/2019 03:33:09","16/5/2022 06:31:26",
"6010","พยุหะคีรี","Phayuha Khiri","47","9/8/2019 03:33:09","16/5/2022 06:31:26",
"6011","ลาดยาว","Phayuha Khiri","47","9/8/2019 03:33:09","16/5/2022 06:31:26",
"6012","ตากฟ้า","Tak Fa","47","9/8/2019 03:33:09","16/5/2022 06:31:26",
"6013","แม่วงก์","Mae Wong","47","9/8/2019 03:33:09","16/5/2022 06:31:26",
"6014","แม่เปิน","Mae Poen","47","9/8/2019 03:33:09","16/5/2022 06:31:26",
"6015","ชุมตาบง","Chum Ta Bong","47","9/8/2019 03:33:09","16/5/2022 06:31:26",
"6101","เมืองอุทัยธานี","Mueang Uthai Thani","48","9/8/2019 03:33:09","16/5/2022 06:31:26",
"6102","ทัพทัน","Thap Than","48","9/8/2019 03:33:09","16/5/2022 06:31:26",
"6103","สว่างอารมณ์","Sawang Arom","48","9/8/2019 03:33:09","16/5/2022 06:31:26",
"6104","หนองฉาง","Nong Chang","48","9/8/2019 03:33:09","16/5/2022 06:31:26",
"6105","หนองขาหย่าง","Nong Khayang","48","9/8/2019 03:33:09","16/5/2022 06:31:26",
"6106","บ้านไร่","Ban Rai","48","9/8/2019 03:33:09","16/5/2022 06:31:26",
"6107","ลานสัก","Lan Sak","48","9/8/2019 03:33:09","16/5/2022 06:31:26",
"6108","ห้วยคต","Huai Khot","48","9/8/2019 03:33:09","16/5/2022 06:31:26",
"6201","เมืองกำแพงเพชร","Mueang Kamphaeng Phet","49","9/8/2019 03:33:09","16/5/2022 06:31:26",
"6202","ไทรงาม","Sai Ngam","49","9/8/2019 03:33:09","16/5/2022 06:31:26",
"6203","คลองลาน","Khlong Lan","49","9/8/2019 03:33:09","16/5/2022 06:31:26",
"6204","ขาณุวรลักษบุรี","Khanu Woralaksaburi","49","9/8/2019 03:33:09","16/5/2022 06:31:26",
"6205","คลองขลุง","Khlong Khlung","49","9/8/2019 03:33:09","16/5/2022 06:31:26",
"6206","พรานกระต่าย","Phran Kratai","49","9/8/2019 03:33:09","16/5/2022 06:31:26",
"6207","ลานกระบือ","Lan Krabue","49","9/8/2019 03:33:09","16/5/2022 06:31:26",
"6208","ทรายทองวัฒนา","Sai Thong Watthana","49","9/8/2019 03:33:09","16/5/2022 06:31:26",
"6209","ปางศิลาทอง","Pang Sila Thong","49","9/8/2019 03:33:09","16/5/2022 06:31:26",
"6210","บึงสามัคคี","Bueng Samakkhi","49","9/8/2019 03:33:09","16/5/2022 06:31:26",
"6211","โกสัมพีนคร","Kosamphi Nakhon","49","9/8/2019 03:33:09","16/5/2022 06:31:26",
"6301","เมืองตาก","Mueang Tak","50","9/8/2019 03:33:09","16/5/2022 06:31:26",
"6302","บ้านตาก","Ban Tak","50","9/8/2019 03:33:09","16/5/2022 06:31:26",
"6303","สามเงา","Sam Ngao","50","9/8/2019 03:33:09","16/5/2022 06:31:26",
"6304","แม่ระมาด","Mae Ramat","50","9/8/2019 03:33:09","16/5/2022 06:31:26",
"6305","ท่าสองยาง","Tha Song Yang","50","9/8/2019 03:33:09","16/5/2022 06:31:26",
"6306","แม่สอด","Mae Sot","50","9/8/2019 03:33:09","16/5/2022 06:31:26",
"6307","พบพระ","Phop Phra","50","9/8/2019 03:33:09","16/5/2022 06:31:26",
"6308","อุ้มผาง","Umphang","50","9/8/2019 03:33:09","16/5/2022 06:31:26",
"6309","วังเจ้า","Wang Chao","50","9/8/2019 03:33:09","16/5/2022 06:31:26",
"6401","เมืองสุโขทัย","Mueang Sukhothai","51","9/8/2019 03:33:09","16/5/2022 06:31:26",
"6402","บ้านด่านลานหอย","Ban Dan Lan Hoi","51","9/8/2019 03:33:09","16/5/2022 06:31:26",
"6403","คีรีมาศ","Khiri Mat","51","9/8/2019 03:33:09","16/5/2022 06:31:26",
"6404","กงไกรลาศ","Kong Krailat","51","9/8/2019 03:33:09","16/5/2022 06:31:26",
"6405","ศรีสัชนาลัย","Si Satchanalai","51","9/8/2019 03:33:09","16/5/2022 06:31:26",
"6406","ศรีสำโรง","Si Samrong","51","9/8/2019 03:33:09","16/5/2022 06:31:26",
"6407","สวรรคโลก","Sawankhalok","51","9/8/2019 03:33:09","16/5/2022 06:31:26",
"6408","ศรีนคร","Si Nakhon","51","9/8/2019 03:33:09","16/5/2022 06:31:26",
"6409","ทุ่งเสลี่ยม","Thung Saliam","51","9/8/2019 03:33:09","16/5/2022 06:31:26",
"6501","เมืองพิษณุโลก","Mueang Phitsanulok","52","9/8/2019 03:33:09","16/5/2022 06:31:26",
"6502","นครไทย","Nakhon Thai","52","9/8/2019 03:33:09","16/5/2022 06:31:26",
"6503","ชาติตระการ","Chat Trakan","52","9/8/2019 03:33:09","16/5/2022 06:31:26",
"6504","บางระกำ","Bang Rakam","52","9/8/2019 03:33:09","16/5/2022 06:31:26",
"6505","บางกระทุ่ม","Bang Krathum","52","9/8/2019 03:33:09","16/5/2022 06:31:26",
"6506","พรหมพิราม","Phrom Phiram","52","9/8/2019 03:33:09","16/5/2022 06:31:26",
"6507","วัดโบสถ์","Wat Bot","52","9/8/2019 03:33:09","16/5/2022 06:31:26",
"6508","วังทอง","Wang Thong","52","9/8/2019 03:33:09","16/5/2022 06:31:26",
"6509","เนินมะปราง","Noen Maprang","52","9/8/2019 03:33:09","16/5/2022 06:31:26",
"6601","เมืองพิจิตร","Mueang Phichit","53","9/8/2019 03:33:09","16/5/2022 06:31:26",
"6602","วังทรายพูน","Wang Sai Phun","53","9/8/2019 03:33:09","16/5/2022 06:31:26",
"6603","โพธิ์ประทับช้าง","Pho Prathap Chang","53","9/8/2019 03:33:09","16/5/2022 06:31:26",
"6604","ตะพานหิน","Taphan Hin","53","9/8/2019 03:33:09","16/5/2022 06:31:26",
"6605","บางมูลนาก","Bang Mun Nak","53","9/8/2019 03:33:09","16/5/2022 06:31:26",
"6606","โพทะเล","Pho Thale","53","9/8/2019 03:33:09","16/5/2022 06:31:26",
"6607","สามง่าม","Sam Ngam","53","9/8/2019 03:33:09","16/5/2022 06:31:26",
"6608","ทับคล้อ","Tap Khlo","53","9/8/2019 03:33:09","16/5/2022 06:31:26",
"6609","สากเหล็ก","Sak Lek","53","9/8/2019 03:33:09","16/5/2022 06:31:26",
"6610","บึงนาราง","Bueng Na Rang","53","9/8/2019 03:33:09","16/5/2022 06:31:26",
"6611","ดงเจริญ","Dong Charoen","53","9/8/2019 03:33:09","16/5/2022 06:31:26",
"6612","วชิรบารมี","Wachirabarami","53","9/8/2019 03:33:09","16/5/2022 06:31:26",
"6701","เมืองเพชรบูรณ์","Mueang Phetchabun","54","9/8/2019 03:33:09","16/5/2022 06:31:26",
"6702","ชนแดน","Chon Daen","54","9/8/2019 03:33:09","16/5/2022 06:31:26",
"6703","หล่มสัก","Lom Sak","54","9/8/2019 03:33:09","16/5/2022 06:31:26",
"6704","หล่มเก่า","Lom Kao","54","9/8/2019 03:33:09","16/5/2022 06:31:26",
"6705","วิเชียรบุรี","Wichian Buri","54","9/8/2019 03:33:09","16/5/2022 06:31:26",
"6706","ศรีเทพ","Si Thep","54","9/8/2019 03:33:09","16/5/2022 06:31:26",
"6707","หนองไผ่","Nong Phai","54","9/8/2019 03:33:09","16/5/2022 06:31:26",
"6708","บึงสามพัน","Bueng Sam Phan","54","9/8/2019 03:33:09","16/5/2022 06:31:26",
"6709","น้ำหนาว","Nam Nao","54","9/8/2019 03:33:09","16/5/2022 06:31:26",
"6710","วังโป่ง","Wang Pong","54","9/8/2019 03:33:09","16/5/2022 06:31:26",
"6711","เขาค้อ","Khao Kho","54","9/8/2019 03:33:09","16/5/2022 06:31:26",
"7001","เมืองราชบุรี","Mueang Ratchaburi","55","9/8/2019 03:33:09","16/5/2022 06:31:26",
"7002","จอมบึง","Chom Bueng","55","9/8/2019 03:33:09","16/5/2022 06:31:26",
"7003","สวนผึ้ง","Suan Phueng","55","9/8/2019 03:33:09","16/5/2022 06:31:26",
"7004","ดำเนินสะดวก","Damnoen Saduak","55","9/8/2019 03:33:09","16/5/2022 06:31:26",
"7005","บ้านโป่ง","Ban Pong","55","9/8/2019 03:33:09","16/5/2022 06:31:26",
"7006","บางแพ","Bang Phae","55","9/8/2019 03:33:09","16/5/2022 06:31:26",
"7007","โพธาราม","Photharam","55","9/8/2019 03:33:09","16/5/2022 06:31:26",
"7008","ปากท่อ","Pak Tho","55","9/8/2019 03:33:09","16/5/2022 06:31:26",
"7009","วัดเพลง","Wat Phleng","55","9/8/2019 03:33:09","16/5/2022 06:31:26",
"7010","บ้านคา","Ban Kha","55","9/8/2019 03:33:09","16/5/2022 06:31:26",
"7074","ท้องถิ่นเทศบาลตำบลบ้านฆ้อง","Tet Saban Ban Kong","55","9/8/2019 03:33:09","16/5/2022 06:31:26",
"7101","เมืองกาญจนบุรี","Mueang Kanchanaburi","56","9/8/2019 03:33:09","16/5/2022 06:31:26",
"7102","ไทรโยค","Sai Yok","56","9/8/2019 03:33:09","16/5/2022 06:31:26",
"7103","บ่อพลอย","Bo Phloi","56","9/8/2019 03:33:09","16/5/2022 06:31:26",
"7104","ศรีสวัสดิ์","Si Sawat","56","9/8/2019 03:33:09","16/5/2022 06:31:26",
"7105","ท่ามะกา","Tha Maka","56","9/8/2019 03:33:09","16/5/2022 06:31:26",
"7106","ท่าม่วง","Tha Muang","56","9/8/2019 03:33:09","16/5/2022 06:31:26",
"7107","ทองผาภูมิ","Pha Phum","56","9/8/2019 03:33:09","16/5/2022 06:31:26",
"7108","สังขละบุรี","Sangkhla Buri","56","9/8/2019 03:33:09","16/5/2022 06:31:26",
"7109","พนมทวน","Phanom Thuan","56","9/8/2019 03:33:09","16/5/2022 06:31:26",
"7110","เลาขวัญ","Lao Khwan","56","9/8/2019 03:33:09","16/5/2022 06:31:26",
"7111","ด่านมะขามเตี้ย","Dan Makham Tia","56","9/8/2019 03:33:09","16/5/2022 06:31:26",
"7112","หนองปรือ","Nong Prue","56","9/8/2019 03:33:09","16/5/2022 06:31:26",
"7113","ห้วยกระเจา","Huai Krachao","56","9/8/2019 03:33:09","16/5/2022 06:31:26",
"7201","เมืองสุพรรณบุรี","Mueang Suphan Buri","57","9/8/2019 03:33:09","16/5/2022 06:31:26",
"7202","เดิมบางนางบวช","Doem Bang Nang Buat","57","9/8/2019 03:33:09","16/5/2022 06:31:26",
"7203","ด่านช้าง","Dan Chang","57","9/8/2019 03:33:09","16/5/2022 06:31:26",
"7204","บางปลาม้า","Bang Pla Ma","57","9/8/2019 03:33:09","16/5/2022 06:31:26",
"7205","ศรีประจันต์","Si Prachan","57","9/8/2019 03:33:09","16/5/2022 06:31:26",
"7206","ดอนเจดีย์","Don Chedi","57","9/8/2019 03:33:09","16/5/2022 06:31:26",
"7207","สองพี่น้อง","Song Phi Nong","57","9/8/2019 03:33:09","16/5/2022 06:31:26",
"7208","สามชุก","Sam Chuk","57","9/8/2019 03:33:09","16/5/2022 06:31:26",
"7209","อู่ทอง","U Thong","57","9/8/2019 03:33:09","16/5/2022 06:31:26",
"7210","หนองหญ้าไซ","Nong Ya Sai","57","9/8/2019 03:33:09","16/5/2022 06:31:26",
"7301","เมืองนครปฐม","Mueang Nakhon Pathom","58","9/8/2019 03:33:09","16/5/2022 06:31:26",
"7302","กำแพงแสน","Kamphaeng Saen","58","9/8/2019 03:33:09","16/5/2022 06:31:26",
"7303","นครชัยศรี","Nakhon Chai Si","58","9/8/2019 03:33:09","16/5/2022 06:31:26",
"7304","ดอนตูม","Don Tum","58","9/8/2019 03:33:09","16/5/2022 06:31:26",
"7305","บางเลน","Bang Len","58","9/8/2019 03:33:09","16/5/2022 06:31:26",
"7306","สามพราน","Sam Phran","58","9/8/2019 03:33:09","16/5/2022 06:31:26",
"7307","พุทธมณฑล","Phutthamonthon","58","9/8/2019 03:33:09","16/5/2022 06:31:26",
"7401","เมืองสมุทรสาคร","Mueang Samut Sakhon","59","9/8/2019 03:33:09","16/5/2022 06:31:26",
"7402","กระทุ่มแบน","Krathum Baen","59","9/8/2019 03:33:09","16/5/2022 06:31:26",
"7403","บ้านแพ้ว","Ban Phaeo","59","9/8/2019 03:33:09","16/5/2022 06:31:26",
"7501","เมืองสมุทรสงคราม","Mueang Samut Songkhram","60","9/8/2019 03:33:09","16/5/2022 06:31:26",
"7502","บางคนที","Bang Khonthi","60","9/8/2019 03:33:09","16/5/2022 06:31:26",
"7503","อัมพวา","Amphawa","60","9/8/2019 03:33:09","16/5/2022 06:31:26",
"7601","เมืองเพชรบุรี","Mueang Phetchaburi","61","9/8/2019 03:33:09","16/5/2022 06:31:26",
"7602","เขาย้อย","Khao Yoi","61","9/8/2019 03:33:09","16/5/2022 06:31:26",
"7603","หนองหญ้าปล้อง","Nong Ya Plong","61","9/8/2019 03:33:09","16/5/2022 06:31:26",
"7604","ชะอำ","Cha-am","61","9/8/2019 03:33:09","16/5/2022 06:31:26",
"7605","ท่ายาง","Tha Yang","61","9/8/2019 03:33:09","16/5/2022 06:31:26",
"7606","บ้านลาด","Ban Lat","61","9/8/2019 03:33:09","16/5/2022 06:31:26",
"7607","บ้านแหลม","Ban Laem","61","9/8/2019 03:33:09","16/5/2022 06:31:26",
"7608","แก่งกระจาน","Kaeng Krachan","61","9/8/2019 03:33:09","16/5/2022 06:31:26",
"7701","เมืองประจวบคีรีขันธ์","Mueang Prachuap Khiri Khan","62","9/8/2019 03:33:09","16/5/2022 06:31:26",
"7702","กุยบุรี","Kui Buri","62","9/8/2019 03:33:09","16/5/2022 06:31:26",
"7703","ทับสะแก","Thap Sakae","62","9/8/2019 03:33:09","16/5/2022 06:31:26",
"7704","บางสะพาน","Bang Saphan","62","9/8/2019 03:33:09","16/5/2022 06:31:26",
"7705","บางสะพานน้อย","Bang Saphan Noi","62","9/8/2019 03:33:09","16/5/2022 06:31:26",
"7706","ปราณบุรี","Pran Buri","62","9/8/2019 03:33:09","16/5/2022 06:31:26",
"7707","หัวหิน","Hua Hin","62","9/8/2019 03:33:09","16/5/2022 06:31:26",
"7708","สามร้อยยอด","Sam Roi Yot","62","9/8/2019 03:33:09","16/5/2022 06:31:26",
"8001","เมืองนครศรีธรรมราช","Mueang Nakhon Si Thammarat","63","9/8/2019 03:33:09","16/5/2022 06:31:26",
"8002","พรหมคีรี","Phrom Khiri","63","9/8/2019 03:33:09","16/5/2022 06:31:26",
"8003","ลานสกา","Lan Saka","63","9/8/2019 03:33:09","16/5/2022 06:31:26",
"8004","ฉวาง","Chawang","63","9/8/2019 03:33:09","16/5/2022 06:31:26",
"8005","พิปูน","Phipun","63","9/8/2019 03:33:09","16/5/2022 06:31:26",
"8006","เชียรใหญ่","Chian Yai","63","9/8/2019 03:33:09","16/5/2022 06:31:26",
"8007","ชะอวด","Cha-uat","63","9/8/2019 03:33:09","16/5/2022 06:31:26",
"8008","ท่าศาลา","Tha Sala","63","9/8/2019 03:33:09","16/5/2022 06:31:26",
"8009","ทุ่งสง","Thung Song","63","9/8/2019 03:33:09","16/5/2022 06:31:26",
"8010","นาบอน","Na Bon","63","9/8/2019 03:33:09","16/5/2022 06:31:26",
"8011","ทุ่งใหญ่","Thung Yai","63","9/8/2019 03:33:09","16/5/2022 06:31:26",
"8012","ปากพนัง","Pak Phanang","63","9/8/2019 03:33:09","16/5/2022 06:31:26",
"8013","ร่อนพิบูลย์","Ron Phibun","63","9/8/2019 03:33:09","16/5/2022 06:31:26",
"8014","สิชล","Sichon","63","9/8/2019 03:33:09","16/5/2022 06:31:26",
"8015","ขนอม","Khanom","63","9/8/2019 03:33:09","16/5/2022 06:31:26",
"8016","หัวไทร","Hua Sai","63","9/8/2019 03:33:09","16/5/2022 06:31:26",
"8017","บางขัน","Bang Khan","63","9/8/2019 03:33:09","16/5/2022 06:31:26",
"8018","ถ้ำพรรณรา","Tham Phannara","63","9/8/2019 03:33:09","16/5/2022 06:31:26",
"8019","จุฬาภรณ์","Chulabhorn","63","9/8/2019 03:33:09","16/5/2022 06:31:26",
"8020","พระพรหม","Phra Phrom","63","9/8/2019 03:33:09","16/5/2022 06:31:26",
"8021","นบพิตำ","Nopphitam","63","9/8/2019 03:33:09","16/5/2022 06:31:26",
"8022","ช้างกลาง","Chang Klang","63","9/8/2019 03:33:09","16/5/2022 06:31:26",
"8023","เฉลิมพระเกียรติ","Chaloem Phra Kiat","63","9/8/2019 03:33:09","16/5/2022 06:31:26",
"8101","เมืองกระบี่","Mueang Krabi","64","9/8/2019 03:33:09","16/5/2022 06:31:26",
"8102","เขาพนม","Khao Phanom","64","9/8/2019 03:33:09","16/5/2022 06:31:26",
"8103","เกาะลันตา","Ko Lanta","64","9/8/2019 03:33:09","16/5/2022 06:31:26",
"8104","คลองท่อม","Khlong Thom","64","9/8/2019 03:33:09","16/5/2022 06:31:26",
"8105","อ่าวลึก","Ao Luek","64","9/8/2019 03:33:09","16/5/2022 06:31:26",
"8106","ปลายพระยา","Plai Phraya","64","9/8/2019 03:33:09","16/5/2022 06:31:26",
"8107","ลำทับ","Lam Thap","64","9/8/2019 03:33:09","16/5/2022 06:31:26",
"8108","เหนือคลอง","Nuea Khlong","64","9/8/2019 03:33:09","16/5/2022 06:31:26",
"8201","เมืองพังงา","Mueang Phang-nga","65","9/8/2019 03:33:09","16/5/2022 06:31:26",
"8202","เกาะยาว","Ko Yao","65","9/8/2019 03:33:09","16/5/2022 06:31:26",
"8203","กะปง","Kapong","65","9/8/2019 03:33:09","16/5/2022 06:31:26",
"8204","ตะกั่วทุ่ง","Takua Thung","65","9/8/2019 03:33:09","16/5/2022 06:31:26",
"8205","ตะกั่วป่า","Takua Pa","65","9/8/2019 03:33:09","16/5/2022 06:31:26",
"8206","คุระบุรี","Khura Buri","65","9/8/2019 03:33:09","16/5/2022 06:31:26",
"8207","ทับปุด","Thap Put","65","9/8/2019 03:33:09","16/5/2022 06:31:26",
"8208","ท้ายเหมือง","Thai Mueang","65","9/8/2019 03:33:09","16/5/2022 06:31:26",
"8301","เมืองภูเก็ต","Mueang Phuket","66","9/8/2019 03:33:09","16/5/2022 06:31:26",
"8302","กะทู้","Kathu","66","9/8/2019 03:33:09","16/5/2022 06:31:26",
"8303","ถลาง","Thalang","66","9/8/2019 03:33:09","16/5/2022 06:31:26",
"8401","เมืองสุราษฎร์ธานี","Mueang Surat Thani","67","9/8/2019 03:33:09","16/5/2022 06:31:26",
"8402","กาญจนดิษฐ์","Kanchanadit","67","9/8/2019 03:33:09","16/5/2022 06:31:26",
"8403","ดอนสัก","Don Sak","67","9/8/2019 03:33:09","16/5/2022 06:31:26",
"8404","เกาะสมุย","Ko Samui","67","9/8/2019 03:33:09","16/5/2022 06:31:26",
"8405","เกาะพะงัน","Ko Pha-ngan","67","9/8/2019 03:33:09","16/5/2022 06:31:26",
"8406","ไชยา","Chaiya","67","9/8/2019 03:33:09","16/5/2022 06:31:26",
"8407","ท่าชนะ","Tha Chana","67","9/8/2019 03:33:09","16/5/2022 06:31:26",
"8408","คีรีรัฐนิคม","Khiri Rat Nikhom","67","9/8/2019 03:33:09","16/5/2022 06:31:26",
"8409","บ้านตาขุน","Ban Ta Khun","67","9/8/2019 03:33:09","16/5/2022 06:31:26",
"8410","พนม","Phanom","67","9/8/2019 03:33:09","16/5/2022 06:31:26",
"8411","ท่าฉาง","Tha Chang","67","9/8/2019 03:33:09","16/5/2022 06:31:26",
"8412","บ้านนาสาร","Ban Na San","67","9/8/2019 03:33:09","16/5/2022 06:31:26",
"8413","บ้านนาเดิม","Ban Na Doem","67","9/8/2019 03:33:09","16/5/2022 06:31:26",
"8414","เคียนซา","Khian Sa","67","9/8/2019 03:33:09","16/5/2022 06:31:26",
"8415","เวียงสระ","Wiang Sa","67","9/8/2019 03:33:09","16/5/2022 06:31:26",
"8416","พระแสง","Phrasaeng","67","9/8/2019 03:33:09","16/5/2022 06:31:26",
"8417","พุนพิน","Phunphin","67","9/8/2019 03:33:09","16/5/2022 06:31:26",
"8418","ชัยบุรี","Chai Buri","67","9/8/2019 03:33:09","16/5/2022 06:31:26",
"8419","วิภาวดี","Vibhavadi","67","9/8/2019 03:33:09","16/5/2022 06:31:26",
"8501","เมืองระนอง","Mueang Ranong","68","9/8/2019 03:33:09","16/5/2022 06:31:26",
"8502","ละอุ่น","La-un","68","9/8/2019 03:33:09","16/5/2022 06:31:26",
"8503","กะเปอร์","Kapoe","68","9/8/2019 03:33:09","16/5/2022 06:31:26",
"8504","กระบุรี","Kra Buri","68","9/8/2019 03:33:09","16/5/2022 06:31:26",
"8505","สุขสำราญ","Suk Samran","68","9/8/2019 03:33:09","16/5/2022 06:31:26",
"8601","เมืองชุมพร","Mueang Chumphon","69","9/8/2019 03:33:09","16/5/2022 06:31:26",
"8602","ท่าแซะ","Tha Sae","69","9/8/2019 03:33:09","16/5/2022 06:31:26",
"8603","ปะทิว","Pathio","69","9/8/2019 03:33:09","16/5/2022 06:31:26",
"8604","หลังสวน","Lang Suan","69","9/8/2019 03:33:09","16/5/2022 06:31:26",
"8605","ละแม","Lamae","69","9/8/2019 03:33:09","16/5/2022 06:31:26",
"8606","พะโต๊ะ","Phato","69","9/8/2019 03:33:09","16/5/2022 06:31:26",
"8607","สวี","Sawi","69","9/8/2019 03:33:09","16/5/2022 06:31:26",
"8608","ทุ่งตะโก","Thung Tako","69","9/8/2019 03:33:09","16/5/2022 06:31:26",
"9001","เมืองสงขลา","Mueang Songkhla","70","9/8/2019 03:33:09","16/5/2022 06:31:26",
"9002","สทิงพระ","Sathing Phra","70","9/8/2019 03:33:09","16/5/2022 06:31:26",
"9003","จะนะ","Chana","70","9/8/2019 03:33:09","16/5/2022 06:31:26",
"9004","นาทวี","Na Thawi","70","9/8/2019 03:33:09","16/5/2022 06:31:26",
"9005","เทพา","Thepha","70","9/8/2019 03:33:09","16/5/2022 06:31:26",
"9006","สะบ้าย้อย","Saba Yoi","70","9/8/2019 03:33:09","16/5/2022 06:31:26",
"9007","ระโนด","Ranot","70","9/8/2019 03:33:09","16/5/2022 06:31:26",
"9008","กระแสสินธุ์","Krasae Sin","70","9/8/2019 03:33:09","16/5/2022 06:31:26",
"9009","รัตภูมิ","Rattaphum","70","9/8/2019 03:33:09","16/5/2022 06:31:26",
"9010","สะเดา","Sadao","70","9/8/2019 03:33:09","16/5/2022 06:31:26",
"9011","หาดใหญ่","Hat Yai","70","9/8/2019 03:33:09","16/5/2022 06:31:26",
"9012","นาหม่อม","Na Mom","70","9/8/2019 03:33:09","16/5/2022 06:31:26",
"9013","ควนเนียง","Khuan Niang","70","9/8/2019 03:33:09","16/5/2022 06:31:26",
"9014","บางกล่ำ","Bang Klam","70","9/8/2019 03:33:09","16/5/2022 06:31:26",
"9015","สิงหนคร","Singhanakhon","70","9/8/2019 03:33:09","16/5/2022 06:31:26",
"9016","คลองหอยโข่ง","Khlong Hoi Khong","70","9/8/2019 03:33:09","16/5/2022 06:31:26",
"9077","ท้องถิ่นเทศบาลตำบลสำนักขาม","Sum Nung Kam","70","9/8/2019 03:33:09","16/5/2022 06:31:26",
"9101","เมืองสตูล","Mueang Satun","71","9/8/2019 03:33:09","16/5/2022 06:31:26",
"9102","ควนโดน","Khuan Don","71","9/8/2019 03:33:09","16/5/2022 06:31:26",
"9103","ควนกาหลง","Khuan Kalong","71","9/8/2019 03:33:09","16/5/2022 06:31:26",
"9104","ท่าแพ","Tha Phae","71","9/8/2019 03:33:09","16/5/2022 06:31:26",
"9105","ละงู","La-ngu","71","9/8/2019 03:33:09","16/5/2022 06:31:26",
"9106","ทุ่งหว้า","Thung Wa","71","9/8/2019 03:33:09","16/5/2022 06:31:26",
"9107","มะนัง","Manang","71","9/8/2019 03:33:09","16/5/2022 06:31:26",
"9201","เมืองตรัง","Mueang Trang","72","9/8/2019 03:33:09","16/5/2022 06:31:26",
"9202","กันตัง","Kantang","72","9/8/2019 03:33:09","16/5/2022 06:31:26",
"9203","ย่านตาขาว","Yan Ta Khao","72","9/8/2019 03:33:09","16/5/2022 06:31:26",
"9204","ปะเหลียน","Palian","72","9/8/2019 03:33:09","16/5/2022 06:31:26",
"9205","สิเกา","Sikao","72","9/8/2019 03:33:09","16/5/2022 06:31:26",
"9206","ห้วยยอด","Huai Yot","72","9/8/2019 03:33:09","16/5/2022 06:31:26",
"9207","วังวิเศษ","Wang Wiset","72","9/8/2019 03:33:09","16/5/2022 06:31:26",
"9208","นาโยง","Na Yong","72","9/8/2019 03:33:09","16/5/2022 06:31:26",
"9209","รัษฎา","Ratsada","72","9/8/2019 03:33:09","16/5/2022 06:31:26",
"9210","หาดสำราญ","Hat Samran","72","9/8/2019 03:33:09","16/5/2022 06:31:26",
"9301","เมืองพัทลุง","Mueang Phatthalung","73","9/8/2019 03:33:09","16/5/2022 06:31:26",
"9302","กงหรา","Kong Ra","73","9/8/2019 03:33:09","16/5/2022 06:31:26",
"9303","เขาชัยสน","Khao Chaison","73","9/8/2019 03:33:09","16/5/2022 06:31:26",
"9304","ตะโหมด","Tamot","73","9/8/2019 03:33:09","16/5/2022 06:31:26",
"9305","ควนขนุน","Khuan Khanun","73","9/8/2019 03:33:09","16/5/2022 06:31:26",
"9306","ปากพะยูน","Pak Phayun","73","9/8/2019 03:33:09","16/5/2022 06:31:26",
"9307","ศรีบรรพต","Si Banphot","73","9/8/2019 03:33:09","16/5/2022 06:31:26",
"9308","ป่าบอน","Pa Bon","73","9/8/2019 03:33:09","16/5/2022 06:31:26",
"9309","บางแก้ว","Bang Kaeo","73","9/8/2019 03:33:09","16/5/2022 06:31:26",
"9310","ป่าพะยอม","Pa Phayom","73","9/8/2019 03:33:09","16/5/2022 06:31:26",
"9311","ศรีนครินทร์","Srinagarindra","73","9/8/2019 03:33:09","16/5/2022 06:31:26",
"9401","เมืองปัตตานี","Mueang Pattani","74","9/8/2019 03:33:09","16/5/2022 06:31:26",
"9402","โคกโพธิ์","Khok Pho","74","9/8/2019 03:33:09","16/5/2022 06:31:26",
"9403","หนองจิก","Nong Chik","74","9/8/2019 03:33:09","16/5/2022 06:31:26",
"9404","ปะนาเระ","Panare","74","9/8/2019 03:33:09","16/5/2022 06:31:26",
"9405","มายอ","Mayo","74","9/8/2019 03:33:09","16/5/2022 06:31:26",
"9406","ทุ่งยางแดง","Thung Yang Daeng","74","9/8/2019 03:33:09","16/5/2022 06:31:26",
"9407","สายบุรี","Sai Buri","74","9/8/2019 03:33:09","16/5/2022 06:31:26",
"9408","ไม้แก่น","Mai Kaen","74","9/8/2019 03:33:09","16/5/2022 06:31:26",
"9409","ยะหริ่ง","Yaring","74","9/8/2019 03:33:09","16/5/2022 06:31:26",
"9410","ยะรัง","Yarang","74","9/8/2019 03:33:09","16/5/2022 06:31:26",
"9411","กะพ้อ","Kapho","74","9/8/2019 03:33:09","16/5/2022 06:31:26",
"9412","แม่ลาน","Mae Lan","74","9/8/2019 03:33:09","16/5/2022 06:31:26",
"9501","เมืองยะลา","Mueang Yala","75","9/8/2019 03:33:09","16/5/2022 06:31:26",
"9502","เบตง","Betong","75","9/8/2019 03:33:09","16/5/2022 06:31:26",
"9503","บันนังสตา","Bannang Sata","75","9/8/2019 03:33:09","16/5/2022 06:31:26",
"9504","ธารโต","Than To","75","9/8/2019 03:33:09","16/5/2022 06:31:26",
"9505","ยะหา","Yaha","75","9/8/2019 03:33:09","16/5/2022 06:31:26",
"9506","รามัน","Raman","75","9/8/2019 03:33:09","16/5/2022 06:31:26",
"9507","กาบัง","Kabang","75","9/8/2019 03:33:09","16/5/2022 06:31:26",
"9508","กรงปินัง","Krong Pinang","75","9/8/2019 03:33:09","16/5/2022 06:31:26",
"9601","เมืองนราธิวาส","Mueang Narathiwat","76","9/8/2019 03:33:09","16/5/2022 06:31:26",
"9602","ตากใบ","Tak Bai","76","9/8/2019 03:33:09","16/5/2022 06:31:26",
"9603","บาเจาะ","Bacho","76","9/8/2019 03:33:09","16/5/2022 06:31:26",
"9604","ยี่งอ","Yi-ngo","76","9/8/2019 03:33:09","16/5/2022 06:31:26",
"9605","ระแงะ","Ra-ngae","76","9/8/2019 03:33:09","16/5/2022 06:31:26",
"9606","รือเสาะ","Rueso","76","9/8/2019 03:33:09","16/5/2022 06:31:26",
"9607","ศรีสาคร","Si Sakhon","76","9/8/2019 03:33:09","16/5/2022 06:31:26",
"9608","แว้ง","Waeng","76","9/8/2019 03:33:09","16/5/2022 06:31:26",
"9609","สุคิริน","Sukhirin","76","9/8/2019 03:33:09","16/5/2022 06:31:26",
"9610","สุไหงโก-ลก","Su-ngai Kolok","76","9/8/2019 03:33:09","16/5/2022 06:31:26",
"9611","สุไหงปาดี","Su-ngai Padi","76","9/8/2019 03:33:09","16/5/2022 06:31:26",
"9612","จะแนะ","Chanae","76","9/8/2019 03:33:09","16/5/2022 06:31:26",
"9613","เจาะไอร้อง","Cho-airong","76","9/8/2019 03:33:09","16/5/2022 06:31:26",
